Div,Date,HomeTeam,AwayTeam,FTHG,FTAG,FTR,HTHG,HTAG,HTR,B365H,B365D,B365A,BWH,BWD,BWA,IWH,IWD,IWA,LBH,LBD,LBA,PSH,PSD,PSA,WHH,WHD,WHA,VCH,VCD,VCA,Bb1X2,BbMxH,BbAvH,BbMxD,BbAvD,BbMxA,BbAvA,BbOU,BbMx>2.5,BbAv>2.5,BbMx<2.5,BbAv<2.5,BbAH,BbAHh,BbMxAHH,BbAvAHH,BbMxAHA,BbAvAHA,PSCH,PSCD,PSCA,HPTS,APTS,HPL,APL,HRATEFORM,ARATEFORM,FOH,FOD,FOA
D2,05/08/16,Kaiserslautern,Hannover,0,4,A,0,1,A,2.4,3.25,2.9,2.45,3.3,2.7,2.6,3.2,2.6,2.5,3.25,2.8,2.61,3.38,2.89,2.5,3.1,2.75,2.55,3.3,2.8,53,2.64,2.5,3.38,3.22,2.95,2.78,42,2.06,1.98,1.88,1.79,30,0,1.91,1.83,2.06,1.97,2.49,3.39,3.04,0,0,0,0,1000,1000,2.31,3.95,3.19
D2,06/08/16,Bochum,Union Berlin,2,1,H,0,0,D,2.2,3.3,3.3,2.1,3.4,3.2,2.1,3.3,3.3,2.1,3.5,3.3,2.2,3.61,3.4,2.05,3.5,3.25,2.15,3.6,3.25,52,2.2,2.14,3.61,3.41,3.4,3.23,40,1.78,1.72,2.17,2.06,27,-0.25,1.91,1.85,2.04,1.96,2.23,3.64,3.31,0,0,0,0,1000,1000,2.31,3.95,3.19
D2,06/08/16,Dresden,Nurnberg,1,1,D,0,1,A,2.6,3.3,2.63,2.55,3.25,2.65,2.6,3.2,2.6,2.6,3.2,2.8,2.68,3.26,2.89,2.5,3.25,2.7,2.55,3.3,2.8,53,2.7,2.56,3.45,3.21,2.89,2.71,41,2,1.89,1.96,1.86,30,0,1.9,1.84,2.05,1.95,3.07,3.35,2.49,0,0,0,0,1000,1000,2.31,3.95,3.19
D2,06/08/16,Sandhausen,Fortuna Dusseldorf,2,2,D,2,1,H,2.63,3.2,2.7,2.6,3.1,2.7,2.65,3.1,2.65,2.62,3.1,2.8,2.65,3.23,2.95,2.62,3.1,2.62,2.63,3.2,2.8,53,2.72,2.63,3.23,3.07,2.95,2.74,35,2.37,2.3,1.63,1.57,30,0,1.91,1.85,2.05,1.94,2.47,3.18,3.27,0,0,0,0,1000,1000,2.31,3.95,3.19
D2,07/08/16,Bielefeld,Karlsruhe,0,0,D,0,0,D,2.7,3.1,2.7,2.6,3.2,2.6,2.6,3.2,2.6,2.62,3,2.8,2.71,3.17,2.94,2.6,3.1,2.7,2.63,3.2,2.8,53,2.75,2.63,3.2,3.05,2.94,2.76,36,2.35,2.26,1.67,1.58,30,0,1.91,1.85,2.04,1.95,2.46,3.15,3.33,0,0,0,0,1000,1000,2.31,3.95,3.19
D2,07/08/16,Braunschweig,Wurzburger Kickers,2,1,H,1,0,H,2,3.4,3.75,1.85,3.5,3.9,1.9,3.45,3.8,2,3.25,4,2.08,3.33,4.09,1.83,3.4,4.2,2,3.4,3.9,53,2.08,1.97,3.5,3.26,4.3,3.9,41,2.36,2.23,1.68,1.62,28,-0.5,2.08,1.98,1.88,1.83,2.37,3.25,3.38,0,0,0,0,1000,1000,2.31,3.95,3.19
D2,07/08/16,Greuther Furth,Munich 1860,1,0,H,1,0,H,2.1,3.3,3.5,2.3,3.3,2.9,2.3,3.2,3,2.15,3.3,3.3,2.23,3.45,3.5,2.1,3.25,3.4,1.8,3.4,3.4,53,2.3,2.17,3.45,3.25,3.5,3.3,41,2.1,1.97,1.9,1.79,28,-0.25,1.93,1.87,2.01,1.94,2.51,3.4,3.01,0,0,0,0,1000,1000,2.31,3.95,3.19
D2,07/08/16,Heidenheim,Erzgebirge Aue,1,0,H,1,0,H,2.15,3.3,3.4,2.05,3.2,3.6,2.2,3.2,3.2,2.15,3.1,3.4,2.21,3.35,3.64,1.91,3.4,3.8,2.2,3.25,3.5,53,2.22,2.16,3.4,3.17,3.8,3.42,36,2.45,2.33,1.61,1.56,28,-0.25,1.92,1.86,2.01,1.95,2.27,3.16,3.73,0,0,0,0,1000,1000,2.31,3.95,3.19
D2,08/08/16,Stuttgart,St Pauli,2,1,H,0,1,A,1.73,3.6,4.75,1.75,3.6,4.33,1.75,3.5,4.5,1.75,3.6,4.5,1.81,3.84,4.7,1.7,3.5,4.8,1.8,3.8,4.33,53,1.83,1.78,3.84,3.57,5,4.38,41,1.89,1.8,2.07,1.95,27,-0.5,1.83,1.78,2.12,2.02,1.91,3.7,4.32,0,0,0,0,1000,1000,2.31,3.95,3.19
D2,12/08/16,Erzgebirge Aue,Sandhausen,2,0,H,2,0,H,2.15,3.3,3.4,2.1,3.2,3.7,2.1,3.3,3.3,2.2,3.1,3.4,2.28,3.26,3.58,2,3.2,3.75,2.25,3.3,3.3,50,2.29,2.19,3.3,3.15,3.75,3.39,32,2.4,2.33,1.62,1.56,25,-0.25,1.97,1.89,1.97,1.92,2.27,3.2,3.68,0,1,1,1,950,1000,2.37,3.79,3.19
D2,12/08/16,Fortuna Dusseldorf,Stuttgart,1,0,H,0,0,D,3.6,3.4,2,3.25,3.4,2.2,2.9,3.3,2.3,3.4,3.4,2.05,3.61,3.57,2.14,3.3,3.5,2.05,3.5,3.5,2.1,49,3.61,3.36,3.57,3.36,2.33,2.12,39,1.91,1.83,2.02,1.94,25,0.25,2.08,2.01,1.85,1.81,3.48,3.63,2.16,1,3,1,1,1000,1050,2.40,3.72,3.19
D2,12/08/16,Nurnberg,Heidenheim,1,1,D,1,0,H,1.85,3.6,4,1.85,3.5,4.33,1.9,3.45,3.8,1.91,3.4,4,1.95,3.59,4.28,1.85,3.3,4.2,1.93,3.6,4,50,1.97,1.89,3.6,3.39,4.55,4.07,39,2.17,2.07,1.8,1.72,25,-0.5,1.97,1.9,1.96,1.91,1.97,3.54,4.25,1,3,1,1,1000,1050,2.40,3.72,3.19
D2,13/08/16,Karlsruhe,Bochum,1,1,D,0,1,A,2.5,3.2,2.88,2.4,3.2,2.85,2.4,3.3,2.75,2.5,3.25,2.75,2.61,3.39,2.88,2.38,3.2,2.88,2.6,3.3,2.75,50,2.62,2.51,3.39,3.2,2.9,2.8,38,2.11,2.02,1.83,1.75,27,0,1.9,1.82,2.07,1.98,2.49,3.35,3.08,1,3,1,1,1000,1050,2.40,3.72,3.19
D2,13/08/16,St Pauli,Braunschweig,0,2,A,0,1,A,2.25,3.4,3.1,2.3,3.3,3.1,2.3,3.3,2.9,2.3,3.2,3.1,2.4,3.35,3.23,2.2,3.1,3.3,2.3,3.4,3.1,49,2.4,2.31,3.4,3.19,3.3,3.1,37,2.23,2.13,1.75,1.68,25,-0.25,2.06,1.99,1.9,1.84,2.55,3.25,3.07,0,3,1,1,950,1050,2.50,3.45,3.22
D2,14/08/16,Hannover,Greuther Furth,3,1,H,1,0,H,1.8,3.6,4.33,1.83,3.6,4.33,1.75,3.5,4.5,1.85,3.6,4,1.88,3.8,4.37,1.83,3.5,4,1.85,3.8,4.1,49,1.9,1.83,3.8,3.59,4.5,4.1,39,1.85,1.78,2.12,2,24,-0.5,1.89,1.83,2.06,1.98,1.93,3.67,4.29,3,3,1,1,1070,1050,2.26,3.93,3.30
D2,14/08/16,Munich 1860,Bielefeld,1,0,H,0,0,D,2.2,3.3,3.3,2.15,3.25,3.5,2.1,3.3,3.3,2.25,3.2,3.25,2.32,3.36,3.38,2.2,3.2,3.2,2.3,3.3,3.2,49,2.32,2.23,3.36,3.2,3.5,3.25,38,2.21,2.11,1.74,1.69,25,-0.25,2,1.92,1.94,1.89,2.41,3.27,3.28,0,1,1,1,950,1000,2.37,3.79,3.19
D2,14/08/16,Wurzburger Kickers,Kaiserslautern,1,1,D,1,1,D,2.45,3.25,2.88,2.4,3.2,3,2.6,3.2,2.6,2.5,3.1,2.88,2.66,3.21,2.97,2.3,3.1,3.1,2.5,3.25,2.9,49,2.66,2.5,3.25,3.08,3.1,2.9,33,2.44,2.27,1.62,1.58,26,0,1.85,1.78,2.14,2.03,3.12,3.19,2.56,0,0,1,1,950,930,2.26,3.93,3.30
D2,15/08/16,Union Berlin,Dresden,2,2,D,0,1,A,2.15,3.4,3.3,2.15,3.25,3.5,2.2,3.3,3.1,2.15,3.3,3.3,2.23,3.44,3.49,2.15,3.25,3.25,2.2,3.4,3.3,48,2.25,2.17,3.44,3.28,3.5,3.26,37,2.07,1.99,1.85,1.77,23,-0.25,1.96,1.88,2,1.93,2.22,3.53,3.43,0,1,1,1,950,1000,2.37,3.79,3.19
D2,26/08/16,Bochum,Hannover,1,1,D,0,0,D,2.4,3.3,2.88,2.45,3.3,2.7,2.6,3.2,2.6,2.4,3.4,2.75,2.54,3.54,2.87,2.45,3.3,2.7,2.5,3.5,2.75,50,2.6,2.45,3.54,3.32,2.88,2.76,38,1.8,1.73,2.14,2.03,25,0,1.86,1.8,2.08,2,2.63,3.55,2.75,4,6,2,2,1050,1122,2.78,2.92,3.36
D2,26/08/16,Heidenheim,Wurzburger Kickers,1,2,A,0,1,A,2.05,3.3,3.6,2.05,3.2,3.6,2,3.3,3.6,2.1,3.1,3.8,2.14,3.26,3.98,2.1,3.1,3.6,2.1,3.3,3.7,50,2.14,2.08,3.3,3.16,3.98,3.66,36,2.51,2.37,1.6,1.54,23,-0.5,2.14,2.08,1.8,1.76,2.35,3.2,3.5,4,1,2,2,1050,950,2.29,3.67,3.45
D2,26/08/16,Sandhausen,Stuttgart,1,2,A,0,1,A,3.6,3.5,2,3.6,3.4,1.95,3.1,3.3,2.2,3.6,3.4,2.05,3.89,3.5,2.07,3.3,3.3,2.1,3.5,3.6,2.05,50,3.89,3.58,3.6,3.38,2.2,2.02,38,2,1.91,1.96,1.85,23,0.5,1.86,1.81,2.07,2,3.7,3.53,2.12,1,3,2,2,950,998,2.43,3.63,3.20
D2,27/08/16,Greuther Furth,Erzgebirge Aue,3,2,H,1,0,H,2.2,3.3,3.3,2.15,3.3,3.2,2.1,3.3,3.3,2.15,3.25,3.5,2.18,3.43,3.65,2,3.3,3.6,2.15,3.4,3.4,50,2.22,2.14,3.43,3.27,3.65,3.34,38,2.12,2.02,1.84,1.74,24,-0.25,1.9,1.85,2.05,1.96,2.11,3.44,3.82,3,3,2,2,998,1000,2.32,3.91,3.19
D2,27/08/16,Karlsruhe,Munich 1860,0,0,D,0,0,D,2.25,3.2,3.3,2.2,3.3,3.1,2.2,3.2,3.2,2.2,3.1,3.4,2.25,3.26,3.64,2.2,3.1,3.3,2.25,3.3,3.3,50,2.3,2.21,3.3,3.16,3.64,3.3,34,2.37,2.26,1.63,1.59,24,-0.25,1.95,1.9,2,1.91,2.27,3.23,3.64,2,3,2,2,1000,1000,2.31,3.95,3.19
D2,28/08/16,Bielefeld,Union Berlin,4,4,D,2,1,H,2.4,3.3,2.88,2.45,3.2,2.75,2.4,3.2,2.85,2.4,3.25,2.9,2.46,3.4,3.08,2.38,3.2,2.88,2.45,3.4,2.9,49,2.46,2.39,3.4,3.23,3.08,2.9,36,2.11,2,1.86,1.76,23,-0.25,2.12,2.05,1.83,1.77,2.22,3.41,3.56,1,1,2,2,950,950,2.29,3.98,3.20
D2,28/08/16,Braunschweig,Nurnberg,6,1,H,2,1,H,2.25,3.4,3.1,2.3,3.25,3,2.2,3.3,3.1,2.25,3.25,3.2,2.32,3.39,3.34,2.3,3.1,3.1,2.25,3.4,3.2,49,2.35,2.25,3.4,3.2,3.34,3.17,35,2.26,2.1,1.77,1.68,24,-0.25,1.99,1.89,1.97,1.89,2.33,3.38,3.34,6,2,2,2,1116,1000,2.32,3.49,3.55
D2,28/08/16,Dresden,St Pauli,1,0,H,1,0,H,2.2,3.2,3.4,2.15,3.25,3.25,2.3,3.2,3,2.2,3.3,3.25,2.24,3.51,3.4,2.2,3.2,3.2,2.25,3.5,3.13,48,2.3,2.21,3.51,3.28,3.4,3.18,36,2.04,1.95,1.9,1.81,22,-0.25,1.97,1.91,1.97,1.9,2.27,3.4,3.43,2,0,2,2,1000,884,2.28,3.75,3.40
D2,29/08/16,Kaiserslautern,Fortuna Dusseldorf,0,0,D,0,0,D,1.91,3.6,3.75,1.95,3.4,3.7,2.1,3.3,3.3,1.95,3.3,4,2,3.5,4.19,1.95,3.3,3.8,1.95,3.5,4,48,2.1,1.93,3.6,3.33,4.3,3.92,35,2.25,2.14,1.72,1.66,22,-0.5,2.01,1.93,1.95,1.87,2.12,3.5,3.77,1,4,2,2,930,1052,2.94,2.71,3.44
D2,09/09/16,Erzgebirge Aue,Braunschweig,0,2,A,0,1,A,3.4,3.2,2.2,3.25,3.1,2.35,2.85,3.2,2.4,3.2,3.2,2.3,3.36,3.33,2.34,3.1,3.1,2.3,3.3,3.3,2.25,51,3.4,3.13,3.33,3.18,2.5,2.3,39,2.25,2.16,1.71,1.65,25,0.25,1.96,1.87,2.05,1.95,3.24,3.27,2.43,3,9,3,3,950,1166,4.18,1.96,4.01
D2,09/09/16,Stuttgart,Heidenheim,1,2,A,0,0,D,1.8,3.5,4.5,1.8,3.6,4.5,1.8,3.5,4.2,1.85,3.5,4.2,1.91,3.69,4.35,1.85,3.4,4,1.87,3.7,4.1,51,1.94,1.85,3.7,3.53,4.5,4.08,41,1.88,1.79,2.08,1.98,23,-0.25,1.65,1.61,2.4,2.31,1.95,3.74,4.06,6,4,3,3,1064,976,2.26,3.93,3.30
D2,09/09/16,Wurzburger Kickers,Bochum,2,0,H,0,0,D,2.38,3.1,3.1,2.45,3.25,2.9,2.6,3.1,2.7,2.4,3.2,2.9,2.53,3.33,3.03,2.38,3.2,2.9,2.5,3.3,2.9,51,2.6,2.43,3.33,3.17,3.12,2.9,39,2.16,2.05,1.8,1.73,24,0,1.81,1.76,2.14,2.06,2.43,3.39,3.14,4,5,3,3,1024,1050,2.37,3.79,3.19
D2,10/09/16,St Pauli,Bielefeld,2,1,H,1,0,H,2.3,3.2,3.1,2.3,3.2,3.2,2.2,3.2,3.2,2.3,3.2,3.2,2.36,3.33,3.32,2.3,3.2,3,2.3,3.3,3.2,50,2.4,2.3,3.33,3.21,3.32,3.1,38,2.16,2.05,1.8,1.73,24,-0.25,2.02,1.97,1.93,1.85,2.64,3.28,2.92,0,2,3,3,840,950,2.55,3.35,3.24
D2,10/09/16,Union Berlin,Karlsruhe,4,0,H,2,0,H,2.1,3.3,3.5,2.2,3.3,3.3,2.3,3.2,3,2.1,3.25,3.5,2.17,3.42,3.68,2.15,3.25,3.25,2.15,3.4,3.5,51,2.3,2.13,3.42,3.29,3.68,3.37,41,2.05,1.95,1.88,1.81,25,-0.25,1.86,1.82,2.08,2,2.09,3.48,3.84,2,3,3,3,950,1000,2.37,3.79,3.19
D2,11/09/16,Fortuna Dusseldorf,Greuther Furth,1,1,D,0,1,A,2.4,3.25,3,2.4,3.3,2.95,2.3,3.2,3,2.4,3.3,2.9,2.48,3.5,2.97,2.4,3.25,2.8,2.45,3.5,2.88,51,2.48,2.39,3.5,3.3,3.1,2.87,39,2.02,1.93,1.92,1.82,24,-0.25,2.16,2.08,1.82,1.76,2.42,3.41,3.14,5,6,3,3,1052,1048,2.27,3.99,3.25
D2,11/09/16,Hannover,Dresden,0,2,A,0,1,A,1.8,3.75,4.2,1.85,3.6,4.1,1.75,3.5,4.5,1.8,3.6,4.33,1.81,3.9,4.63,1.85,3.6,3.8,1.8,3.9,4.2,51,1.9,1.8,3.9,3.67,4.63,4.12,40,1.75,1.7,2.23,2.09,24,-0.5,1.85,1.8,2.1,2.02,1.72,4.07,5.05,7,5,3,3,1122,1044,2.36,3.28,3.68
D2,11/09/16,Sandhausen,Kaiserslautern,2,0,H,1,0,H,2.9,3.25,2.4,3,3.2,2.4,2.6,3.2,2.6,3,3.1,2.4,3.14,3.23,2.51,2.8,3.1,2.5,3,3.25,2.45,51,3.14,2.93,3.25,3.13,2.6,2.43,34,2.29,2.17,1.7,1.63,24,0,2.2,2.1,1.8,1.73,3.23,3.24,2.46,1,2,3,3,884,930,2.29,3.98,3.20
D2,12/09/16,Nurnberg,Munich 1860,1,2,A,1,1,D,2,3.4,3.75,2.05,3.4,3.6,2.1,3.2,3.4,2.1,3.3,3.5,2.17,3.5,3.6,2.05,3.25,3.5,2.1,3.5,3.5,51,2.17,2.08,3.5,3.32,3.9,3.44,39,2.07,1.96,1.9,1.79,25,-0.25,1.88,1.8,2.09,2.01,2.21,3.37,3.64,2,4,3,3,950,1000,2.78,2.92,3.36
D2,16/09/16,Bochum,Nurnberg,5,4,H,3,3,D,1.91,3.6,3.75,2.05,3.5,3.5,2.2,3.2,3.2,1.95,3.5,3.75,2.02,3.67,3.89,2.05,3.5,3.25,2,3.6,3.6,51,2.2,2,3.75,3.53,3.89,3.49,39,1.72,1.67,2.26,2.14,24,-0.25,1.85,1.72,2.21,2.11,1.99,3.7,3.93,5,2,4,4,998,884,2.39,3.18,3.75
D2,16/09/16,Greuther Furth,Wurzburger Kickers,0,3,A,0,1,A,2.45,3.3,2.8,2.4,3.25,3,2.2,3.2,3.2,2.5,3.1,2.8,2.63,3.29,2.94,2.45,3.1,2.88,2.55,3.3,2.8,50,2.63,2.48,3.3,3.16,3.2,2.85,39,2.25,2.12,1.75,1.68,25,0,1.88,1.8,2.3,2.03,2.75,3.22,2.86,7,7,4,4,1048,1076,2.32,3.91,3.19
D2,16/09/16,Munich 1860,Union Berlin,1,2,A,1,2,A,2.3,3.3,3.1,2.35,3.3,3,2.3,3.2,3,2.3,3.25,3,2.41,3.4,3.16,2.25,3.2,3.1,2.38,3.4,3,51,2.41,2.32,3.5,3.28,3.16,2.99,40,1.97,1.88,1.96,1.86,25,-0.25,2.09,2.01,1.85,1.81,2.47,3.39,3.08,7,5,4,4,1066,1000,2.29,3.98,3.20
D2,17/09/16,Braunschweig,Sandhausen,2,1,H,0,0,D,1.67,3.5,5.5,1.7,3.6,4.75,1.65,3.6,5.1,1.73,3.6,4.75,1.76,3.8,5.18,1.7,3.4,5,1.73,3.75,5,50,1.76,1.7,3.8,3.58,5.5,4.93,39,2.12,2.04,1.81,1.74,25,-0.75,2.02,1.93,1.95,1.89,1.75,3.74,5.33,12,4,4,4,1232,930,5.06,1.38,12.88
D2,17/09/16,Heidenheim,Fortuna Dusseldorf,2,0,H,0,0,D,2.2,3.3,3.25,2.2,3.2,3.2,2.3,3.2,3,2.2,3.1,3.4,2.25,3.28,3.62,2.15,3.1,3.4,2.2,3.3,3.4,51,2.3,2.19,3.3,3.17,3.62,3.34,34,2.28,2.19,1.68,1.62,25,-0.25,1.92,1.87,2.01,1.95,2.4,3.27,3.31,7,6,4,4,1050,1052,2.27,4.00,3.23
D2,17/09/16,Kaiserslautern,Stuttgart,0,1,A,0,0,D,2.7,3.4,2.5,2.9,3.2,2.35,2.75,3.3,2.4,2.75,3.4,2.5,2.83,3.52,2.58,2.75,3.4,2.38,2.75,3.5,2.5,51,2.9,2.73,3.52,3.32,2.58,2.47,41,1.91,1.82,2.05,1.94,26,0,2.05,1.99,1.88,1.83,3.16,3.54,2.35,2,6,4,4,884,990,3.15,2.50,3.54
D2,18/09/16,Bielefeld,Hannover,3,3,D,2,1,H,2.8,3.4,2.4,2.85,3.2,2.4,2.85,3.2,2.4,2.9,3.4,2.4,3.1,3.53,2.39,2.75,3.25,2.45,2.9,3.5,2.38,51,3.1,2.87,3.53,3.32,2.45,2.37,40,1.98,1.88,1.97,1.86,25,0.25,1.85,1.79,2.09,2.04,2.84,3.52,2.57,2,7,4,4,902,1043,3.04,2.60,3.49
D2,18/09/16,Dresden,Erzgebirge Aue,0,3,A,0,1,A,2,3.3,3.8,2,3.3,3.6,2,3.3,3.6,2.05,3.2,3.75,2.12,3.36,3.93,2.15,3.1,3.4,2.1,3.3,3.7,50,2.15,2.07,3.4,3.23,3.89,3.58,34,2.25,2.15,1.74,1.65,25,-0.25,1.82,1.77,2.13,2.06,2.18,3.43,3.63,8,3,4,4,1123,884,2.49,2.86,4.03
D2,18/09/16,Karlsruhe,St Pauli,1,1,D,0,1,A,2.2,3.4,3.2,2.2,3.3,3.1,2.3,3.2,3,2.3,3.1,3.3,2.34,3.25,3.46,2.2,3.1,3.3,2.3,3.3,3.2,50,2.34,2.24,3.4,3.13,3.5,3.27,33,2.36,2.23,1.66,1.61,24,-0.25,2.02,1.95,1.94,1.87,2.66,3.11,3.05,3,3,4,4,950,888,2.29,3.98,3.20
D2,20/09/16,Fortuna Dusseldorf,Bochum,3,0,H,2,0,H,2.6,3.3,2.63,2.65,3.4,2.6,2.5,3.2,2.75,2.5,3.3,2.7,2.66,3.45,2.78,2.5,3.4,2.6,2.6,3.4,2.7,56,2.66,2.57,3.55,3.28,2.81,2.66,43,1.87,1.79,2.07,1.97,31,0,1.92,1.86,2.01,1.94,2.42,3.4,3.15,6,8,5,5,999,1042,2.32,3.91,3.19
D2,20/09/16,Nurnberg,Greuther Furth,1,2,A,0,1,A,2.2,3.4,3.2,2.2,3.4,3.25,2.2,3.3,3.1,2.2,3.4,3.1,2.27,3.6,3.27,2.15,3.4,3.1,2.2,3.6,3.13,55,2.28,2.19,3.6,3.4,3.3,3.12,42,1.77,1.7,2.2,2.09,29,-0.25,1.98,1.91,1.95,1.89,2.25,3.52,3.37,2,7,5,5,840,975,2.86,2.81,3.39
D2,20/09/16,Sandhausen,Heidenheim,0,0,D,0,0,D,2.8,3.1,2.63,2.8,3,2.7,2.6,3.2,2.6,2.8,3,2.62,2.9,3.18,2.73,2.8,3.1,2.5,2.8,3.2,2.63,56,2.93,2.77,3.2,3.05,2.73,2.62,43,2.42,2.3,1.65,1.58,31,0,2.05,1.95,1.91,1.85,2.45,3.12,3.37,4,10,5,5,884,1103,3.15,2.50,3.54
D2,20/09/16,Stuttgart,Braunschweig,2,0,H,1,0,H,2,3.4,3.75,2.1,3.5,3.4,2.2,3.3,3.1,2.05,3.4,3.5,2.1,3.61,3.67,2,3.5,3.4,2.1,3.6,3.4,56,2.2,2.06,3.61,3.44,3.75,3.4,42,1.81,1.72,2.14,2.06,30,-0.25,1.83,1.79,2.11,2.02,2.12,3.55,3.68,9,15,5,5,1052,1278,6.27,1.59,4.70
D2,21/09/16,Erzgebirge Aue,Bielefeld,1,1,D,1,0,H,2.45,3.1,3,2.4,3.3,2.95,2.3,3.2,3,2.4,3.1,3,2.55,3.22,3.1,2.5,3.1,2.8,2.45,3.3,3,54,2.55,2.43,3.3,3.12,3.1,2.95,36,2.31,2.21,1.66,1.61,28,-0.25,2.16,2.08,1.83,1.75,2.3,3.21,3.59,6,3,5,5,963,902,2.29,3.67,3.45
D2,21/09/16,Hannover,Karlsruhe,1,0,H,1,0,H,1.7,3.75,4.75,1.67,3.8,5,1.7,3.6,4.7,1.67,3.8,5,1.71,3.97,5.25,1.65,3.75,4.8,1.67,4,5,54,1.71,1.67,4,3.77,5.25,4.87,42,1.87,1.79,2.07,1.97,28,-0.75,1.92,1.85,2.04,1.96,1.94,3.63,4.26,8,4,5,5,1043,950,2.42,3.07,3.84
D2,21/09/16,Kaiserslautern,Dresden,3,0,H,1,0,H,2.25,3.3,3.2,2.25,3.5,3,2.5,3.3,2.65,2.25,3.3,3.2,2.28,3.46,3.36,2.2,3.3,3.1,2.25,3.5,3.1,54,2.5,2.24,3.5,3.29,3.4,3.12,43,2.04,1.93,1.93,1.83,28,-0.25,2.02,1.94,1.95,1.87,2.45,3.36,3.14,2,8,5,5,822,1044,3.94,2.04,3.91
D2,21/09/16,Wurzburger Kickers,Union Berlin,0,1,A,0,0,D,2.5,3.25,2.8,2.4,3.3,2.95,2.4,3.3,2.75,2.4,3.25,2.9,2.51,3.39,3.01,2.45,3.1,2.88,2.45,3.4,2.88,54,2.51,2.41,3.4,3.22,3.01,2.89,42,2.11,2.01,1.85,1.76,28,-0.25,2.17,2.09,1.83,1.74,2.47,3.28,3.17,10,8,5,5,1149,1075,2.26,3.97,3.27
D2,22/09/16,St Pauli,Munich 1860,2,2,D,1,0,H,2.3,3.2,3.1,2.2,3.3,3.3,2.4,3.3,2.75,2.25,3.3,3.1,2.32,3.43,3.31,2.25,3.2,3.1,2.3,3.4,3.13,53,2.4,2.28,3.43,3.23,3.31,3.11,41,2.17,2.06,1.8,1.72,27,-0.25,2.02,1.96,1.93,1.86,2.2,3.56,3.46,4,7,5,5,888,991,2.65,3.14,3.29
D2,23/09/16,Bochum,Stuttgart,1,1,D,0,0,D,3.2,3.5,2.15,3.1,3.7,2.2,2.9,3.3,2.3,3,3.6,2.2,3.1,3.85,2.26,2.88,3.5,2.25,3,3.8,2.2,54,3.2,2.98,3.9,3.58,2.35,2.21,33,1.63,1.59,2.38,2.27,27,0.25,1.97,1.89,1.98,1.92,3.18,3.93,2.19,8,12,6,6,990,1116,3.04,2.60,3.49
D2,23/09/16,Braunschweig,Fortuna Dusseldorf,2,1,H,2,0,H,1.95,3.3,4,2,3.4,3.9,2,3.3,3.6,1.95,3.3,3.8,2.05,3.43,4.07,2,3.3,3.6,2,3.4,3.9,52,2.07,1.99,3.55,3.31,4.2,3.77,38,2.12,2.03,1.83,1.75,25,-0.5,2.08,2,1.88,1.82,2,3.46,4.21,15,9,6,6,1214,1051,2.49,2.86,4.03
D2,23/09/16,Greuther Furth,Sandhausen,1,1,D,0,0,D,2.25,3.25,3.2,2.3,3.3,3.2,2,3.3,3.6,2.25,3.2,3.25,2.33,3.31,3.4,2.3,3.1,3.1,2.3,3.3,3.2,51,2.38,2.26,3.43,3.19,3.6,3.19,37,2.19,2.06,1.79,1.73,25,-0.25,2.04,1.96,1.92,1.86,2.29,3.27,3.55,10,5,6,6,1034,884,2.26,3.88,3.33
D2,24/09/16,Heidenheim,Kaiserslautern,3,0,H,2,0,H,2.38,3.2,3,2.4,3.2,3.1,2.3,3.3,2.9,2.3,3.1,3.25,2.37,3.24,3.39,2.45,3.1,2.88,2.38,3.2,3.13,51,2.45,2.33,3.3,3.14,3.39,3.09,32,2.3,2.19,1.7,1.63,25,-0.25,2.05,2,1.91,1.82,2.34,3.21,3.5,11,5,6,6,1103,874,2.58,2.65,4.26
D2,24/09/16,Karlsruhe,Erzgebirge Aue,2,0,H,0,0,D,2.4,3.2,3,2.3,3.2,3.3,2.3,3.2,3,2.4,3,3.1,2.49,3.19,3.23,2.25,3.1,3.2,2.45,3.2,3,52,2.49,2.38,3.25,3.08,3.45,3.08,34,2.47,2.34,1.61,1.56,26,-0.25,2.13,2.05,1.82,1.77,2.2,3.33,3.7,4,7,6,6,902,963,2.86,2.81,3.39
D2,25/09/16,Bielefeld,Nurnberg,1,3,A,1,0,H,2.2,3.4,3.2,2.3,3.4,3.1,2.3,3.3,2.9,2.25,3.3,3.1,2.32,3.48,3.27,2.38,3.3,2.8,2.25,3.5,3.13,50,2.38,2.25,3.51,3.33,3.27,3.07,38,1.95,1.85,1.99,1.91,23,-0.25,2,1.95,1.94,1.87,2.4,3.54,3.07,4,2,6,6,902,781,2.39,3.18,3.75
D2,25/09/16,Dresden,Wurzburger Kickers,2,2,D,1,0,H,2.38,3.2,3,2.4,3.3,3,2.3,3.2,3,2.3,3.2,3.2,2.35,3.34,3.32,2.3,3.1,3.1,2.38,3.3,3.13,51,2.45,2.31,3.37,3.21,3.32,3.07,36,2.17,2.08,1.75,1.7,25,-0.25,2.04,1.97,1.9,1.84,2.5,3.46,2.97,8,10,6,6,992,1069,3.56,2.21,3.74
D2,25/09/16,Munich 1860,Hannover,0,2,A,0,0,D,2.75,3.3,2.5,2.7,3.4,2.6,2.6,3.2,2.6,2.75,3.25,2.5,2.8,3.42,2.66,2.7,3.25,2.5,2.75,3.4,2.55,50,2.81,2.7,3.44,3.26,2.68,2.55,37,1.95,1.87,1.97,1.89,25,0,2.06,1.96,1.9,1.85,2.61,3.38,2.89,8,11,6,6,991,1091,2.43,3.63,3.20
D2,26/09/16,Union Berlin,St Pauli,2,0,H,2,0,H,2.1,3.4,3.4,2.2,3.4,3.3,2,3.3,3.6,2.1,3.3,3.4,2.16,3.52,3.59,2.1,3.3,3.3,2.15,3.5,3.4,48,2.2,2.1,3.61,3.36,3.6,3.36,35,1.93,1.84,2,1.92,23,-0.25,1.87,1.82,2.07,2,2.27,3.38,3.46,11,5,6,6,1155,888,2.53,2.75,4.14
D2,30/09/16,Erzgebirge Aue,Bochum,2,4,A,2,2,D,2.38,3.3,2.9,2.3,3.2,3,2.5,3.2,2.75,2.4,3.3,2.9,2.43,3.44,3.09,2.38,3.4,2.75,2.45,3.4,2.9,56,2.5,2.37,3.51,3.3,3.11,2.91,50,1.92,1.84,2.02,1.91,30,-0.25,2.13,2.04,1.84,1.78,2.5,3.42,3,7,9,7,7,915,990,2.26,3.93,3.30
D2,30/09/16,Nurnberg,Union Berlin,2,0,H,1,0,H,2.2,3.5,3.1,2.25,3.3,3,2.3,3.3,2.9,2.25,3.4,3,2.31,3.63,3.17,2.25,3.6,2.8,2.3,3.7,2.9,56,2.35,2.26,3.73,3.47,3.17,2.96,43,1.64,1.6,2.35,2.24,30,-0.25,2.05,1.97,1.91,1.85,2.27,3.64,3.22,5,14,7,7,844,1199,263.64,1.16,7.27
D2,30/09/16,Sandhausen,Dresden,2,0,H,2,0,H,2.38,3.2,3,2.3,3.2,3,2.5,3.2,2.75,2.4,3.2,3,2.44,3.36,3.16,2.3,3.2,3,2.4,3.3,3,56,2.5,2.38,3.39,3.23,3.2,2.96,48,2.12,2.03,1.85,1.74,30,-0.25,2.12,2.04,1.84,1.78,2.24,3.31,3.61,6,9,7,7,884,992,2.28,4.00,3.21
D2,01/10/16,Fortuna Dusseldorf,Karlsruhe,1,1,D,1,0,H,2.1,3.3,3.5,2.2,3.2,3.2,2.2,3.3,3.1,2.2,3,3.5,2.27,3.2,3.67,2.15,3.1,3.4,2.2,3.3,3.4,55,2.27,2.19,3.36,3.16,3.67,3.38,42,2.31,2.22,1.66,1.61,29,-0.25,1.94,1.87,2.02,1.95,2.1,3.28,4.12,9,7,7,7,998,950,2.30,3.58,3.50
D2,01/10/16,Hannover,St Pauli,2,0,H,0,0,D,1.8,3.5,4.5,1.72,3.7,4.4,1.75,3.5,4.5,1.83,3.5,4.33,1.85,3.76,4.55,1.8,3.6,4,1.83,3.75,4.2,55,1.91,1.82,3.85,3.61,4.55,4.13,47,1.88,1.77,2.08,1.99,28,-0.5,1.88,1.82,2.08,1.99,1.88,3.82,4.38,14,5,7,7,1160,844,3.11,1.99,5.68
D2,02/10/16,Heidenheim,Braunschweig,1,1,D,1,0,H,2.7,3.25,2.55,2.65,3,2.7,2.6,3.2,2.6,2.88,2.9,2.7,2.96,3.05,2.78,2.62,3.1,2.62,2.8,3.2,2.63,55,2.96,2.77,3.25,3.02,2.78,2.64,44,2.45,2.32,1.65,1.56,30,0,2.03,1.94,1.92,1.86,3.03,3.16,2.65,14,18,7,7,1147,1267,2.31,3.95,3.19
D2,02/10/16,Kaiserslautern,Bielefeld,0,0,D,0,0,D,2.05,3.4,3.5,2,3.3,3.6,2.1,3.3,3.3,2.1,3.25,3.6,2.16,3.4,3.74,2.05,3.25,3.5,2.15,3.4,3.5,55,2.18,2.1,3.5,3.3,3.74,3.45,48,2.17,2.05,1.81,1.73,29,-0.25,1.87,1.82,2.07,2,2.13,3.34,3.92,5,4,7,7,830,839,2.28,4.00,3.21
D2,02/10/16,Wurzburger Kickers,Munich 1860,2,0,H,1,0,H,2.3,3.25,3.1,2.25,3.2,3.1,2.3,3.3,2.9,2.4,3,3.1,2.49,3.18,3.23,2.2,3.2,3.2,2.38,3.25,3.13,55,2.49,2.34,3.3,3.14,3.35,3.1,44,2.29,2.18,1.71,1.64,29,-0.25,2.09,2,1.87,1.82,2.35,3.28,3.39,11,8,7,7,1069,922,2.34,3.39,3.61
D2,03/10/16,Stuttgart,Greuther Furth,4,0,H,3,0,H,1.67,3.8,5,1.75,3.6,4.25,1.8,3.5,4.2,1.73,3.8,4.5,1.75,3.99,4.96,1.7,3.8,4.4,1.73,3.9,4.6,53,1.8,1.71,4.12,3.77,5,4.51,40,1.72,1.64,2.29,2.15,28,-0.75,1.97,1.9,1.99,1.91,1.87,3.89,4.29,13,11,7,7,1116,1034,2.39,3.18,3.75
D2,14/10/16,Bielefeld,Wurzburger Kickers,0,1,A,0,0,D,2.45,3.1,3,2.4,3.1,3.1,2.5,3.3,2.65,2.5,3,3,2.59,3.11,3.16,2.4,3,3,2.55,3.1,3,48,2.61,2.47,3.3,3.04,3.19,2.98,34,2.45,2.34,1.61,1.55,22,-0.25,2.19,2.1,1.79,1.74,2.45,3.26,3.22,5,14,8,8,839,1115,9.52,1.41,5.34
D2,14/10/16,Bochum,Sandhausen,2,2,D,0,1,A,2,3.4,3.75,1.95,3.5,3.8,2,3.3,3.6,2.1,3.4,3.4,2.16,3.54,3.59,2.05,3.5,3.25,2.15,3.5,3.4,48,2.16,2.06,3.6,3.41,3.95,3.47,42,1.87,1.79,2.07,1.98,20,-0.5,2.17,2.09,1.8,1.74,2.15,3.4,3.75,12,9,8,8,1054,934,2.29,3.98,3.20
D2,14/10/16,St Pauli,Erzgebirge Aue,1,2,A,1,1,D,1.8,3.6,4.33,1.85,3.5,4.25,1.95,3.35,3.7,1.83,3.4,4.33,1.88,3.59,4.67,1.85,3.3,4.2,1.85,3.6,4.3,48,2.05,1.85,3.7,3.44,4.67,4.22,41,2.16,2.07,1.79,1.72,19,-0.75,2.4,2.11,1.81,1.73,1.76,3.7,5.33,5,7,8,8,802,851,2.37,3.79,3.19
D2,15/10/16,Dresden,Stuttgart,5,0,H,3,0,H,3.6,3.5,2,3.7,3.4,2,3.3,3.3,2.1,3.5,3.6,1.95,3.81,3.7,2.03,3.3,3.6,2,3.4,3.7,2.05,48,3.81,3.45,3.75,3.51,2.1,2.01,40,1.73,1.67,2.28,2.14,22,0.25,2.2,2.09,1.8,1.75,3.12,3.57,2.36,9,16,8,8,942,1168,15.12,1.31,5.94
D2,15/10/16,Greuther Furth,Heidenheim,0,2,A,0,2,A,2.25,3.25,3.2,2.25,3.4,3.1,2.5,3.3,2.65,2.3,3.2,3.1,2.38,3.36,3.25,2.3,3.2,3,2.3,3.4,3.13,48,2.5,2.28,3.4,3.23,3.3,3.1,41,2.21,2.06,1.82,1.73,22,-0.25,2.04,1.96,1.92,1.85,2.38,3.35,3.27,11,15,8,8,982,1147,6.27,1.59,4.70
D2,16/10/16,Karlsruhe,Nurnberg,0,3,A,0,0,D,2.5,3.25,2.8,2.6,3.25,2.75,2.5,3.3,2.65,2.62,3.1,2.75,2.76,3.22,2.84,2.6,3.2,2.62,2.63,3.3,2.7,47,2.76,2.6,3.3,3.16,2.84,2.7,38,2.11,2.01,1.85,1.76,22,0,1.95,1.87,1.99,1.93,2.84,3.27,2.72,8,8,8,8,950,904,2.28,3.75,3.40
D2,16/10/16,Munich 1860,Fortuna Dusseldorf,1,3,A,0,3,A,2.25,3.2,3.2,2.35,3.2,3.1,2.4,3.3,2.75,2.3,3,3.2,2.43,3.19,3.33,2.3,3.1,3.1,2.38,3.3,3.13,47,2.43,2.33,3.3,3.11,3.33,3.12,35,2.41,2.25,1.7,1.6,21,-0.25,2.07,1.99,1.9,1.83,2.53,3.22,3.13,8,10,8,8,876,998,2.65,3.14,3.29
D2,16/10/16,Union Berlin,Hannover,2,1,H,0,0,D,2.6,3.3,2.63,2.5,3.3,2.8,2.5,3.3,2.65,2.62,3.3,2.62,2.78,3.4,2.69,2.4,3.4,2.7,2.63,3.4,2.63,47,2.78,2.58,3.5,3.33,2.8,2.6,40,1.75,1.67,2.28,2.15,22,0,1.99,1.9,1.96,1.9,2.45,3.41,3.09,14,17,8,8,1139,1202,2.60,3.24,3.27
D2,17/10/16,Braunschweig,Kaiserslautern,1,0,H,1,0,H,1.85,3.6,4,1.87,3.5,3.9,2,3.3,3.6,1.85,3.5,4.2,1.88,3.69,4.51,1.91,3.4,3.8,1.87,3.6,4.2,46,2,1.86,3.75,3.45,4.51,4.08,37,2.07,1.99,1.89,1.78,19,-0.5,1.89,1.85,2.04,1.96,1.81,3.65,5,19,6,8,8,1267,830,6.08,1.28,19.17
D2,21/10/16,Fortuna Dusseldorf,Bielefeld,4,0,H,2,0,H,2,3.4,3.8,2.05,3.3,3.7,2,3.3,3.6,2,3.25,3.8,2.11,3.39,3.9,2.05,3.2,3.6,2.05,3.4,3.8,55,2.12,2.03,3.4,3.28,4,3.67,47,2.16,2.07,1.79,1.71,28,-0.25,1.81,1.75,2.13,2.07,2.04,3.39,4.16,13,5,9,9,1059,780,3.51,1.76,6.84
D2,21/10/16,Stuttgart,Munich 1860,2,1,H,2,1,H,1.57,4,5.5,1.6,4,5.5,1.65,3.6,5.1,1.57,4,5.5,1.6,4.27,6.03,1.57,3.8,5.5,1.6,4.2,5.5,55,1.65,1.58,4.27,3.97,6.03,5.42,48,1.75,1.69,2.25,2.11,32,-1,2.05,1.96,1.92,1.83,1.62,4.26,5.74,16,8,9,9,1110,815,3.11,1.99,5.68
D2,21/10/16,Wurzburger Kickers,Karlsruhe,0,2,A,0,1,A,2.05,3,4.2,2.05,3.2,3.9,2.1,3.3,3.3,2.05,3,4,2.11,3.18,4.27,2.15,2.9,3.75,2.05,3.2,4,55,2.15,2.06,3.3,3.05,4.41,3.91,42,2.77,2.6,1.5,1.45,28,-0.25,1.79,1.74,2.17,2.08,2.13,3.18,4.16,17,8,9,9,1174,884,3.68,1.69,7.37
D2,22/10/16,Heidenheim,Dresden,0,0,D,0,0,D,2.15,3.4,3.3,2.1,3.5,3.4,2.1,3.3,3.3,2.05,3.3,3.6,2.11,3.5,3.77,2.1,3.3,3.3,2.1,3.5,3.5,54,2.15,2.07,3.5,3.36,3.77,3.43,47,1.99,1.9,1.94,1.85,28,-0.25,1.84,1.78,2.13,2.03,2.09,3.53,3.79,18,12,9,9,1216,1000,3.11,1.99,5.68
D2,22/10/16,Sandhausen,St Pauli,3,0,H,2,0,H,2.25,3.2,3.3,2.35,3.25,3.1,2.4,3.3,2.75,2.3,3.2,3.1,2.36,3.37,3.29,2.38,3.2,2.9,2.38,3.3,3.1,53,2.4,2.29,3.37,3.19,3.3,3.12,45,2.21,2.09,1.76,1.69,28,-0.25,2.07,1.98,1.9,1.83,2.29,3.16,3.67,10,5,9,9,934,746,3.11,1.99,5.68
D2,23/10/16,Braunschweig,Greuther Furth,1,0,H,0,0,D,1.73,3.6,4.75,1.78,3.75,4.33,1.75,3.5,4.5,1.75,3.6,4.75,1.77,3.82,5.06,1.8,3.5,4.2,1.75,3.8,4.5,53,1.8,1.75,3.82,3.6,5.06,4.51,46,1.88,1.8,2.03,1.95,27,-0.75,2.05,1.98,1.92,1.83,1.79,3.89,4.8,22,11,9,9,1309,913,-12.53,0.83,-7.81
D2,23/10/16,Erzgebirge Aue,Union Berlin,1,3,A,1,1,D,3.1,3.25,2.3,2.85,3.25,2.5,2.6,3.2,2.6,2.8,3.3,2.4,2.95,3.47,2.51,2.75,3.4,2.38,2.88,3.4,2.45,53,3.1,2.82,3.47,3.29,2.6,2.42,47,1.95,1.79,2.11,1.97,26,0,2.12,2.04,1.83,1.77,3.1,3.58,2.36,10,17,9,9,907,1199,3.56,2.21,3.74
D2,23/10/16,Nurnberg,Hannover,2,0,H,2,0,H,2.45,3.25,2.88,2.4,3.4,2.9,2.5,3.3,2.65,2.4,3.4,2.75,2.57,3.51,2.84,2.4,3.4,2.7,2.5,3.5,2.75,53,2.57,2.47,3.51,3.32,2.9,2.74,44,1.74,1.67,2.22,2.12,28,0,1.88,1.82,2.07,1.99,2.35,3.69,3.05,11,17,9,9,970,1142,3.56,2.21,3.74
D2,24/10/16,Kaiserslautern,Bochum,3,0,H,1,0,H,2.4,3.25,2.9,2.45,3.25,2.9,2.5,3.2,2.75,2.4,3.3,2.88,2.56,3.42,2.92,2.4,3.4,2.7,2.45,3.4,2.88,52,2.56,2.43,3.42,3.25,2.93,2.83,44,1.94,1.85,2,1.89,26,-0.25,2.2,2.09,1.8,1.74,2.69,3.38,2.8,6,13,9,9,788,1054,2.60,3.24,3.27
D2,28/10/16,Bielefeld,Sandhausen,1,0,H,0,0,D,2.5,3.2,2.88,2.4,3.25,3,2.5,3.2,2.75,2.5,3,2.9,2.66,3.2,2.97,2.5,3.1,2.8,2.55,3.25,2.88,57,2.66,2.49,3.25,3.1,3.1,2.9,48,2.36,2.25,1.7,1.61,26,0,1.93,1.79,2.25,2.02,2.58,3.25,3.04,5,13,10,10,741,971,-55.42,1.12,7.89
D2,28/10/16,Dresden,Braunschweig,3,2,H,0,1,A,2.88,3.3,2.4,2.95,3.4,2.35,2.65,3.1,2.65,2.9,3.3,2.38,3.12,3.44,2.42,2.8,3.3,2.38,2.9,3.4,2.45,57,3.12,2.88,3.44,3.27,2.65,2.41,49,1.97,1.87,1.98,1.88,30,0,2.2,2.08,1.8,1.73,2.92,3.43,2.55,13,25,10,10,1000,1355,3.27,2.40,3.60
D2,28/10/16,Munich 1860,Erzgebirge Aue,6,2,H,3,1,H,2.2,3.3,3.25,2.2,3.3,3.3,2.2,3.3,3.1,2.15,3.3,3.3,2.27,3.45,3.38,2.2,3.3,3.1,2.2,3.4,3.3,57,2.28,2.2,3.45,3.3,3.4,3.21,49,2.24,1.93,1.94,1.83,31,-0.25,1.98,1.9,1.96,1.9,2.23,3.48,3.47,8,10,10,10,774,844,2.65,3.14,3.29
D2,29/10/16,Greuther Furth,Kaiserslautern,0,1,A,0,0,D,2.25,3.4,3.1,2.3,3.3,3.1,2.3,3.3,2.9,2.3,3.2,3.2,2.38,3.33,3.28,2.25,3.2,3.1,2.3,3.4,3.13,56,2.38,2.28,3.4,3.23,3.28,3.1,48,2.13,2,1.85,1.77,30,-0.25,2.03,1.96,1.93,1.85,2.38,3.34,3.27,11,9,10,10,867,841,3.27,2.40,3.60
D2,29/10/16,Union Berlin,Fortuna Dusseldorf,0,1,A,0,0,D,2.05,3.3,3.6,2.05,3.4,3.6,2,3.3,3.6,2.05,3.4,3.6,2.09,3.55,3.77,2,3.5,3.4,2.1,3.5,3.5,56,2.1,2.03,3.55,3.4,3.77,3.51,48,1.88,1.79,2.08,1.96,29,-0.5,2.09,2.02,1.85,1.79,2.04,3.63,3.87,20,16,10,10,1262,1098,2.27,3.99,3.25
D2,30/10/16,Bochum,Heidenheim,2,1,H,2,0,H,2.15,3.5,3.2,2.25,3.25,3.25,2.4,3.2,2.85,2.15,3.3,3.3,2.19,3.51,3.53,2.2,3.2,3.2,2.2,3.5,3.25,55,2.4,2.19,3.51,3.33,3.53,3.18,47,1.98,1.83,2.03,1.92,29,-0.25,1.96,1.9,2.03,1.91,2.29,3.36,3.43,13,19,10,10,1001,1216,5.67,1.66,4.53
D2,30/10/16,Hannover,Wurzburger Kickers,3,1,H,0,1,A,1.75,3.5,4.75,1.8,3.6,4.33,1.9,3.45,3.8,1.8,3.4,4.5,1.83,3.64,4.91,1.8,3.5,4.2,1.83,3.6,4.5,55,1.94,1.8,3.64,3.49,4.91,4.37,47,2,1.91,1.93,1.84,28,-0.5,1.85,1.8,2.12,2.02,1.8,3.71,4.99,17,17,10,10,1085,1092,2.50,3.45,3.22
D2,30/10/16,Karlsruhe,Stuttgart,1,3,A,0,1,A,3.5,3.4,2.05,3.4,3.3,2.15,3.1,3.2,2.25,3.3,3.3,2.15,3.52,3.5,2.2,3.25,3.4,2.1,3.3,3.5,2.15,55,3.52,3.34,3.5,3.33,2.25,2.12,47,2,1.9,1.95,1.85,29,0.25,2.04,1.98,1.9,1.84,3.04,3.27,2.56,11,19,10,10,966,1151,2.86,2.81,3.39
D2,31/10/16,St Pauli,Nurnberg,1,1,D,1,1,D,2.63,3.3,2.6,2.75,3.4,2.5,2.65,3.3,2.5,2.62,3.3,2.62,2.72,3.43,2.73,2.7,3.3,2.45,2.63,3.4,2.7,52,2.75,2.62,3.45,3.33,2.73,2.56,42,1.85,1.74,2.14,2.02,28,0,1.99,1.91,1.98,1.89,2.93,3.34,2.6,5,14,10,10,709,1027,8.09,1.47,5.10
D2,04/11/16,Erzgebirge Aue,Nurnberg,1,2,A,0,1,A,3.1,3.5,2.2,3,3.5,2.25,2.9,3.3,2.3,3.1,3.5,2.2,3.28,3.68,2.23,3,3.4,2.2,3.13,3.6,2.2,51,3.28,3.05,3.68,3.49,2.37,2.2,46,1.72,1.64,2.34,2.19,28,0.25,1.98,1.91,2,1.91,3.15,3.59,2.33,10,15,11,11,802,1027,21.80,1.26,6.31
D2,04/11/16,Fortuna Dusseldorf,Dresden,0,3,A,0,2,A,2.25,3.3,3.2,2.2,3.3,3.3,2.3,3.2,3,2.25,3.2,3.25,2.29,3.36,3.43,2.15,3.25,3.25,2.3,3.3,3.2,51,2.38,2.25,3.38,3.25,3.43,3.15,47,2.02,1.92,1.91,1.83,28,-0.25,2.01,1.93,1.94,1.88,2.31,3.41,3.34,19,16,11,11,1186,1068,2.53,2.75,4.14
D2,04/11/16,Heidenheim,Karlsruhe,2,1,H,1,1,D,2.15,3.1,3.6,2.15,3.1,3.7,2.1,3.3,3.3,2.2,2.88,3.8,2.27,2.98,4.01,2,3.2,3.75,2.2,3.13,3.6,51,2.27,2.18,3.3,3.01,4.01,3.6,41,2.76,2.56,1.55,1.47,28,-0.25,1.94,1.86,2.02,1.96,2.22,3.06,4.05,19,11,11,11,1155,898,3.23,1.91,6.01
D2,05/11/16,Greuther Furth,Bochum,2,1,H,0,0,D,2.3,3.4,3,2.45,3.3,2.9,2.4,3.3,2.75,2.4,3.4,2.8,2.5,3.54,2.92,2.38,3.3,2.8,2.45,3.5,2.8,51,2.5,2.39,3.54,3.35,3,2.81,47,1.85,1.73,2.17,2.05,27,0,1.82,1.76,2.17,2.06,2.47,3.55,2.96,11,16,11,11,806,1062,2.60,3.24,3.27
D2,05/11/16,Kaiserslautern,Union Berlin,1,0,H,0,0,D,2.63,3.1,2.75,2.7,3.2,2.65,2.6,3.2,2.6,2.62,3.2,2.7,2.75,3.32,2.78,,,,2.63,3.3,2.7,51,2.77,2.62,3.32,3.22,2.78,2.64,47,2,1.9,1.96,1.85,29,0,1.96,1.89,1.98,1.91,2.54,3.41,2.96,12,20,11,11,902,1174,2.94,2.71,3.44
D2,06/11/16,Braunschweig,Hannover,2,2,D,2,1,H,2.25,3.4,3.1,2.2,3.4,3.25,2.25,3.3,3,2.25,3.3,3.2,2.32,3.41,3.34,2.15,3.3,3.2,2.3,3.4,3.13,50,2.32,2.23,3.5,3.3,3.34,3.13,46,1.92,1.84,2,1.92,27,-0.25,2.01,1.93,1.97,1.88,2.5,3.26,3.14,25,20,11,11,1287,1140,2.53,2.75,4.14
D2,06/11/16,Sandhausen,Munich 1860,3,2,H,1,2,A,2.1,3.4,3.4,2.1,3.25,3.6,2.3,3.3,2.9,2.1,3.2,3.6,2.19,3.34,3.72,2.1,3.2,3.4,2.1,3.4,3.6,50,2.3,2.11,3.4,3.25,3.72,3.44,43,2.33,2.15,1.74,1.65,27,-0.25,1.89,1.82,2.07,1.99,2.3,3.26,3.53,13,11,11,11,922,816,2.92,2.16,5.14
D2,06/11/16,Stuttgart,Bielefeld,3,1,H,1,0,H,1.62,3.8,5.5,1.62,3.9,5.25,1.5,4,6.1,1.67,3.8,5,1.69,4.07,5.3,1.57,3.8,5.5,1.67,4.1,4.8,50,1.69,1.63,4.1,3.87,6.1,5.01,44,1.75,1.69,2.2,2.1,27,-0.75,1.9,1.82,2.07,1.99,1.62,4.16,5.94,22,8,11,11,1219,790,5.06,1.38,12.88
D2,07/11/16,Wurzburger Kickers,St Pauli,1,0,H,0,0,D,2.05,3.3,3.6,2.15,3.3,3.4,1.9,3.5,3.75,2.15,3.2,3.5,2.21,3.35,3.63,2.05,3.25,3.5,2.15,3.4,3.4,48,2.21,2.12,3.5,3.24,3.75,3.42,42,2.28,2.14,1.75,1.65,26,-0.25,1.9,1.84,2.05,1.97,2.26,3.15,3.78,17,6,11,11,1037,709,3.51,1.76,6.84
D2,18/11/16,Bielefeld,Heidenheim,2,1,H,1,1,D,2.63,3.1,2.75,2.6,3.25,2.75,2.6,3.2,2.6,2.62,3,2.9,2.77,3.07,2.96,2.6,3,2.75,2.55,3.25,2.88,50,2.8,2.62,3.25,3.04,2.96,2.8,46,2.44,2.28,1.65,1.59,30,0,1.9,1.83,2.07,1.97,2.62,3.08,3.13,8,22,12,12,750,1200,263.64,1.16,7.27
D2,18/11/16,Bochum,Braunschweig,1,1,D,0,0,D,2.9,3.4,2.35,2.9,3.25,2.45,2.6,3.2,2.6,2.8,3.4,2.4,2.94,3.53,2.49,2.75,3.4,2.38,2.8,3.5,2.45,50,2.94,2.82,3.53,3.34,2.6,2.42,46,1.8,1.74,2.14,2.04,28,0,2.16,2.06,1.83,1.77,2.83,3.46,2.61,16,26,12,12,1009,1287,2.94,2.71,3.44
D2,18/11/16,Nurnberg,Wurzburger Kickers,2,2,D,1,0,H,2,3.3,3.75,2,3.3,3.9,1.9,3.45,3.8,2.05,3.25,3.8,2.1,3.43,3.9,2,3.4,3.5,2.1,3.4,3.6,50,2.13,2.03,3.45,3.28,3.92,3.69,46,2.09,1.99,1.91,1.78,28,-0.5,2.14,2.04,1.84,1.77,2.13,3.36,3.87,18,20,12,12,1083,1072,2.26,3.97,3.27
D2,19/11/16,Hannover,Erzgebirge Aue,2,0,H,1,0,H,1.55,4,6,1.57,4,5.75,1.5,4,6.1,1.57,4.2,5.5,1.56,4.47,6.15,1.57,3.8,5.5,1.55,4.4,5.5,50,1.61,1.55,4.47,4.1,6.15,5.56,45,1.74,1.66,2.28,2.15,31,-1,2.02,1.94,1.96,1.87,1.52,4.7,6.41,21,10,12,12,1140,746,3.68,1.69,7.37
D2,19/11/16,Karlsruhe,Sandhausen,1,3,A,0,0,D,2.38,3.25,3,2.4,3,3.2,2.3,3.2,3,2.4,2.9,3.25,2.49,3.08,3.35,2.4,3,3,2.5,2.88,3.25,50,2.5,2.4,3.25,2.99,3.35,3.14,40,2.65,2.48,1.55,1.5,28,-0.25,2.1,2.03,1.84,1.79,2.36,3.2,3.45,11,16,12,12,853,963,3.74,2.12,3.82
D2,20/11/16,Dresden,Greuther Furth,2,1,H,1,0,H,2,3.3,3.75,2,3.4,3.8,1.9,3.45,3.8,2,3.5,3.5,2.08,3.65,3.7,2,3.5,3.4,2.05,3.6,3.5,49,2.08,2.01,3.65,3.44,3.8,3.55,45,1.81,1.74,2.12,2.03,27,-0.5,2.08,2,1.87,1.81,2.13,3.58,3.61,19,14,12,12,1151,859,3.88,1.62,8.02
D2,20/11/16,St Pauli,Fortuna Dusseldorf,0,1,A,0,1,A,2.38,3.25,3,2.35,3.3,3,2.4,3.2,2.85,2.4,3.1,3,2.52,3.28,3.09,2.38,3.2,2.9,2.4,3.3,3,49,2.52,2.41,3.3,3.17,3.1,2.95,45,2.2,2.09,1.78,1.7,28,-0.25,2.15,2.06,1.82,1.77,2.6,3.26,3,6,19,12,12,674,1103,21.80,1.26,6.31
D2,20/11/16,Union Berlin,Stuttgart,1,1,D,0,1,A,2.6,3.2,2.7,2.6,3.3,2.7,2.6,3.2,2.6,2.6,3.3,2.7,2.75,3.29,2.8,2.5,3.4,2.6,2.63,3.4,2.7,49,2.8,2.59,3.6,3.24,2.8,2.67,45,1.76,1.69,2.21,2.11,29,0,2,1.88,1.99,1.92,2.66,3.56,2.71,20,25,12,12,1115,1259,2.55,3.35,3.24
D2,21/11/16,Munich 1860,Kaiserslautern,1,1,D,1,1,D,2.25,3.4,3.1,2.35,3.25,3.1,2.3,3.2,3,2.3,3.2,3.2,2.37,3.31,3.33,2.3,3.1,3.1,2.3,3.4,3.13,48,2.39,2.29,3.4,3.19,3.33,3.12,43,2.19,2.08,1.8,1.7,27,-0.25,2.04,1.97,1.9,1.84,2.62,3.18,3.02,11,15,12,12,775,961,3.56,2.21,3.74
D2,25/11/16,Fortuna Dusseldorf,Hannover,2,2,D,0,1,A,3,3.2,2.38,2.9,3.3,2.4,2.6,3.2,2.6,3,3.25,2.38,3.01,3.34,2.54,2.9,3.3,2.3,2.9,3.3,2.5,48,3.1,2.9,3.4,3.25,2.6,2.4,45,1.97,1.88,1.97,1.87,26,0.25,1.82,1.76,2.16,2.06,2.89,3.38,2.61,22,24,13,13,1150,1177,2.29,3.98,3.20
D2,25/11/16,Greuther Furth,Bielefeld,2,1,H,1,0,H,2.45,3.1,3,2.35,3.2,3.1,2.25,3.3,3,2.5,3.1,2.9,2.58,3.28,3.01,2.5,3.1,2.8,2.5,3.25,2.9,49,2.58,2.47,3.3,3.14,3.1,2.89,45,2.13,2.03,1.85,1.74,27,0,1.83,1.76,2.2,2.04,2.58,3.38,2.92,14,11,13,13,816,810,2.29,3.98,3.20
D2,25/11/16,Wurzburger Kickers,Erzgebirge Aue,1,1,D,1,1,D,1.95,3.2,4.2,1.95,3.4,3.7,1.9,3.45,3.8,1.91,3.1,4.33,1.97,3.31,4.63,2,3.2,3.8,1.95,3.4,4.1,49,2.03,1.94,3.45,3.2,4.63,4.12,45,2.42,2.32,1.65,1.57,25,-0.5,2,1.94,1.95,1.87,2.14,3.2,4.07,21,10,13,13,1072,709,3.68,1.69,7.37
D2,26/11/16,Dresden,Bochum,2,2,D,2,1,H,2.15,3.4,3.25,2.1,3.3,3.5,2.2,3.3,3.1,2.1,3.5,3.3,2.13,3.68,3.52,2.25,3.5,2.88,2.15,3.6,3.25,49,2.25,2.12,3.68,3.45,3.52,3.25,45,1.76,1.7,2.19,2.1,26,-0.25,1.91,1.85,2.05,1.96,1.83,3.94,4.47,22,17,13,13,1194,1009,3.88,1.62,8.02
D2,26/11/16,Heidenheim,St Pauli,2,0,H,1,0,H,2,3.3,3.8,1.95,3.4,3.9,1.9,3.45,3.8,2,3.2,4,2.07,3.32,4.14,2,3.2,3.8,2,3.4,3.9,49,2.07,1.99,3.45,3.24,4.14,3.87,42,2.37,2.23,1.66,1.61,25,-0.5,2.08,1.98,1.89,1.83,1.97,3.36,4.56,22,6,13,13,1140,627,99.02,0.95,-15.93
D2,27/11/16,Braunschweig,Munich 1860,2,1,H,1,0,H,1.73,3.6,4.75,1.67,3.8,5,1.7,3.6,4.7,1.73,3.6,4.75,1.76,3.78,5.19,1.73,3.5,4.6,1.73,3.8,4.75,48,1.8,1.72,3.8,3.62,5.19,4.75,45,1.96,1.87,1.98,1.88,26,-0.75,2.01,1.93,1.94,1.87,1.81,3.81,4.78,27,12,13,13,1287,775,3.11,1.99,5.68
D2,27/11/16,Kaiserslautern,Karlsruhe,0,0,D,0,0,D,2.15,3,3.75,2.1,3.25,3.6,2.2,3.2,3.2,2.15,3,3.6,2.18,3.22,3.9,2.15,3.1,3.4,2.15,3.25,3.6,49,2.23,2.14,3.3,3.12,3.9,3.56,40,2.49,2.35,1.65,1.55,26,-0.25,1.89,1.82,2.06,1.99,2.04,3.26,4.4,16,11,13,13,961,793,3.36,1.83,6.39
D2,27/11/16,Sandhausen,Union Berlin,0,1,A,0,1,A,2.5,3.1,2.9,2.5,3.3,2.8,2.4,3.3,2.75,2.5,3.1,2.8,2.68,3.22,2.92,2.45,3.25,2.62,2.55,3.3,2.8,49,2.68,2.52,3.4,3.2,2.92,2.77,46,1.95,1.86,2.01,1.89,27,0,1.88,1.81,2.06,1.99,2.66,3.42,2.8,19,21,13,13,1023,1115,2.39,3.18,3.75
D2,28/11/16,Stuttgart,Nurnberg,3,1,H,2,0,H,1.83,3.5,4.2,1.85,3.6,4.2,1.85,3.45,4,1.85,3.6,4,1.91,3.77,4.24,1.91,3.6,3.6,1.87,3.75,4,48,1.93,1.85,3.8,3.59,4.25,3.96,38,1.7,1.64,2.28,2.16,24,-0.5,1.9,1.84,2.04,1.95,1.72,4.07,5.07,26,19,13,13,1259,1083,2.29,3.98,3.20
D2,02/12/16,Hannover,Heidenheim,3,2,H,1,1,D,1.73,3.75,4.5,1.8,3.7,4.75,1.85,3.45,4,1.75,3.5,4.5,1.81,3.75,4.86,1.75,3.6,4.33,1.8,3.75,4.4,46,1.86,1.79,3.75,3.56,4.86,4.37,43,1.94,1.85,2.02,1.91,24,-0.5,1.87,1.78,2.14,2.04,1.82,3.6,5.06,25,25,14,14,1177,1171,2.26,3.93,3.30
D2,02/12/16,Karlsruhe,Greuther Furth,1,2,A,0,2,A,2.3,3.2,3.2,2.3,3.1,3.3,2.2,3.2,3.2,2.3,3.1,3.25,2.38,3.22,3.39,2.15,3.1,3.4,2.38,3.2,3.13,46,2.43,2.3,3.22,3.11,3.5,3.2,42,2.31,2.22,1.68,1.63,25,-0.25,2.04,1.97,1.91,1.85,2.4,3.26,3.32,12,17,14,14,793,856,2.32,3.91,3.19
D2,02/12/16,St Pauli,Kaiserslautern,0,0,D,0,0,D,2.75,3.2,2.6,2.65,3.25,2.65,2.6,3.2,2.6,2.8,3,2.62,2.95,3.2,2.68,2.6,3,2.75,2.8,3.25,2.6,46,2.95,2.77,3.28,3.09,2.75,2.6,42,2.42,2.28,1.65,1.6,26,0,2.04,1.97,1.9,1.84,2.89,3.14,2.78,6,17,14,14,596,961,-24.75,1.08,8.66
D2,03/12/16,Munich 1860,Dresden,1,0,H,0,0,D,2.7,3.2,2.63,2.6,3.25,2.7,2.6,3.2,2.6,2.62,3.1,2.7,2.77,3.29,2.77,2.45,3.3,2.7,2.63,3.3,2.7,46,2.77,2.63,3.3,3.19,2.77,2.65,43,1.99,1.91,1.95,1.86,26,0,1.97,1.89,2,1.92,2.69,3.48,2.73,12,23,14,14,736,1194,8.09,1.47,5.10
D2,03/12/16,Nurnberg,Sandhausen,1,3,A,0,1,A,1.91,3.4,4,1.91,3.6,3.9,1.9,3.45,3.8,1.95,3.4,3.8,2,3.55,4.12,1.91,3.4,3.8,1.95,3.6,3.8,45,2.02,1.94,3.6,3.42,4.12,3.85,42,1.93,1.86,2.01,1.91,24,-0.5,2,1.94,1.95,1.88,1.92,3.49,4.61,19,19,14,14,1029,951,2.28,4.00,3.21
D2,04/12/16,Bielefeld,Bochum,1,0,H,1,0,H,2.3,3.25,3.1,2.4,3.3,2.95,2.4,3.3,2.75,2.3,3.25,3,2.43,3.43,3.11,2.4,3.25,2.8,2.38,3.3,3.1,46,2.43,2.33,3.43,3.27,3.11,2.97,43,1.94,1.87,1.98,1.9,25,-0.25,2.07,2.01,1.88,1.81,2.32,3.41,3.32,11,18,14,14,770,1009,2.29,3.98,3.20
D2,04/12/16,Erzgebirge Aue,Stuttgart,0,4,A,0,2,A,4.2,3.5,1.85,4.1,3.7,1.83,4,3.45,1.85,3.8,3.6,1.85,4.23,3.82,1.9,4,3.6,1.8,3.9,3.75,1.9,46,4.5,4,3.82,3.59,1.92,1.84,41,1.75,1.69,2.24,2.12,24,0.5,2.05,1.96,1.92,1.86,4.47,4.03,1.81,11,29,14,14,709,1313,-1.99,0.61,-8.00
D2,04/12/16,Wurzburger Kickers,Fortuna Dusseldorf,0,0,D,0,0,D,2.25,3.25,3.2,2.25,3.2,3.3,2.4,3.2,2.85,2.38,3,3.2,2.45,3.17,3.33,2.2,3.1,3.3,2.38,3.25,3.13,46,2.45,2.33,3.25,3.09,3.33,3.14,37,2.5,2.34,1.6,1.56,25,-0.25,2.07,2,1.89,1.82,2.45,3.05,3.46,22,23,14,14,1072,1150,2.86,2.81,3.39
D2,05/12/16,Union Berlin,Braunschweig,2,0,H,0,0,D,2.4,3.2,3,2.45,3.3,2.85,2.5,3.3,2.65,2.38,3.3,2.9,2.42,3.46,3.09,2.38,3.4,2.75,2.4,3.4,2.9,43,2.5,2.36,3.46,3.29,3.09,2.91,40,1.94,1.85,2.01,1.91,24,-0.25,2.12,2.03,1.86,1.79,2.56,3.34,2.97,24,30,14,14,1187,1326,2.27,4.00,3.23
D2,09/12/16,Dresden,Karlsruhe,0,0,D,0,0,D,1.67,3.75,5,1.72,3.7,4.75,1.9,3.45,3.8,1.73,3.5,5,1.76,3.71,5.37,1.83,3.5,4,1.73,3.75,4.8,50,1.91,1.75,3.8,3.55,5.37,4.71,48,2.1,2,1.87,1.78,24,-0.75,2.19,1.98,1.93,1.85,1.75,3.84,5.19,23,12,15,15,1134,737,6.08,1.28,19.17
D2,09/12/16,Fortuna Dusseldorf,Nurnberg,0,2,A,0,1,A,2.88,3.4,2.38,2.65,3.4,2.55,2.4,3.3,2.75,2.75,3.3,2.5,2.85,3.48,2.58,2.75,3.4,2.38,2.8,3.4,2.5,51,2.9,2.71,3.6,3.32,2.92,2.53,47,1.85,1.72,2.17,2.08,27,0,2.08,1.98,2.08,1.85,2.81,3.51,2.6,24,19,15,15,1150,957,2.27,3.99,3.25
D2,09/12/16,Heidenheim,Union Berlin,3,0,H,1,0,H,2.6,3.2,2.75,2.55,3.2,2.8,2.4,3.3,2.75,2.62,3.1,2.75,2.78,3.23,2.81,2.6,3.2,2.62,2.7,3.2,2.75,51,2.78,2.65,3.35,3.12,2.86,2.72,47,2.19,2.07,1.87,1.73,27,0,1.98,1.89,2,1.94,2.58,3.26,3.02,25,27,15,15,1112,1253,2.27,4.00,3.23
D2,10/12/16,Bochum,Munich 1860,1,0,H,0,0,D,2.1,3.4,3.4,2.15,3.3,3.4,2.2,3.2,3.2,2.15,3.3,3.3,2.2,3.49,3.51,2.05,3.5,3.25,2.2,3.4,3.3,49,2.25,2.15,3.6,3.34,3.51,3.28,47,1.87,1.79,2.05,1.98,23,-0.25,1.93,1.87,2.01,1.95,2.09,3.66,3.65,18,15,15,15,959,796,2.28,3.75,3.40
D2,10/12/16,Kaiserslautern,Erzgebirge Aue,0,0,D,0,0,D,1.8,3.4,4.75,1.87,3.6,4,1.75,3.5,4.5,1.85,3.4,4.2,1.94,3.54,4.39,1.83,3.3,4.33,1.87,3.6,4.2,49,1.95,1.86,3.7,3.43,4.75,4.18,46,2.15,2,1.86,1.77,22,-0.5,1.94,1.87,2.03,1.95,1.89,3.48,4.78,18,11,15,15,961,659,-9.65,0.80,-6.89
D2,11/12/16,Braunschweig,Bielefeld,3,2,H,1,1,D,1.75,3.75,4.5,1.75,3.6,4.75,1.7,3.6,4.7,1.83,3.5,4.33,1.86,3.68,4.62,1.73,3.5,4.6,1.8,3.75,4.4,49,1.86,1.8,3.8,3.53,4.75,4.4,47,2.04,1.93,1.92,1.83,23,-0.5,1.87,1.8,2.11,2.03,1.84,3.64,4.83,30,14,15,15,1260,820,2.83,2.25,4.92
D2,11/12/16,Greuther Furth,St Pauli,0,2,A,0,0,D,2,3.5,3.6,1.95,3.5,3.8,1.9,3.45,3.8,2.05,3.3,3.6,2.12,3.41,3.84,2,3.2,3.75,2.05,3.5,3.6,48,2.15,2.04,3.55,3.3,3.85,3.62,44,2.17,2.05,1.82,1.73,22,-0.5,2.12,2.05,1.84,1.78,2.25,3.39,3.52,20,7,15,15,912,596,3.36,1.83,6.39
D2,11/12/16,Sandhausen,Wurzburger Kickers,0,0,D,0,0,D,2.3,3.1,3.3,2.35,3.1,3.2,2.2,3.2,3.2,2.38,3,3.25,2.47,3.09,3.37,2.25,3,3.3,2.38,3.1,3.25,49,2.47,2.33,3.25,3.04,3.4,3.22,41,2.67,2.48,1.56,1.5,23,-0.25,2.08,2,1.9,1.84,2.7,3.06,3.05,22,23,15,15,1023,1072,2.45,2.96,3.93
D2,12/12/16,Stuttgart,Hannover,1,2,A,1,1,D,2.1,3.5,3.3,2.1,3.4,3.5,2,3.3,3.6,2.05,3.5,3.4,2.12,3.67,3.55,2,3.5,3.4,2.1,3.5,3.4,47,2.16,2.05,3.8,3.49,3.6,3.35,39,1.65,1.59,2.39,2.25,23,-0.25,1.85,1.8,2.08,2.02,2.03,3.68,3.84,32,28,15,15,1363,1236,2.42,3.07,3.84
D2,16/12/16,Erzgebirge Aue,Fortuna Dusseldorf,0,0,D,0,0,D,2.6,3.2,2.7,2.7,3.3,2.6,2.75,3.2,2.5,2.7,3.1,2.7,2.77,3.27,2.79,2.8,3.1,2.5,2.63,3.3,2.75,50,2.82,2.67,3.3,3.14,2.84,2.67,43,2.16,2.06,1.82,1.74,28,0,1.97,1.9,1.99,1.91,2.63,3.13,3.08,12,24,16,16,659,1070,-9.03,0.97,12.51
D2,16/12/16,Munich 1860,Heidenheim,1,1,D,1,0,H,3,3.2,2.4,2.85,3.2,2.5,2.6,3.1,2.7,3,3.1,2.4,3.09,3.23,2.55,2.8,3.1,2.5,3,3.2,2.45,49,3.12,2.94,3.28,3.09,2.7,2.47,41,2.34,2.24,1.7,1.62,24,0,2.21,2.1,1.8,1.73,2.99,3.2,2.65,15,28,16,16,756,1175,4.18,1.96,4.01
D2,16/12/16,Union Berlin,Greuther Furth,1,1,D,0,0,D,1.67,3.6,5.25,1.75,3.7,4.6,1.85,3.45,4,1.7,3.6,4.75,1.71,3.89,5.42,1.75,3.6,4.33,1.73,3.7,5,50,1.85,1.72,3.97,3.67,5.42,4.77,44,1.88,1.8,2.06,1.98,24,-0.75,1.96,1.9,1.99,1.92,1.63,4.23,5.76,27,20,16,16,1190,848,2.36,3.28,3.68
D2,17/12/16,Karlsruhe,Braunschweig,0,0,D,0,0,D,3.4,3.2,2.2,3.2,3.2,2.3,3.1,3.1,2.3,3.4,3.1,2.25,3.57,3.2,2.31,3.3,3.1,2.2,3.4,3.2,2.25,49,3.57,3.33,3.3,3.11,2.35,2.23,39,2.39,2.28,1.65,1.59,23,0.25,1.97,1.9,1.97,1.91,3.13,3.22,2.53,13,33,16,16,737,1301,4.18,1.96,4.01
D2,17/12/16,St Pauli,Bochum,1,1,D,0,1,A,2.5,3.1,2.9,2.45,3.25,2.9,2.5,3.2,2.75,2.4,3.3,2.88,2.52,3.43,2.98,2.4,3.25,2.8,2.5,3.3,2.9,48,2.54,2.43,3.43,3.23,3.02,2.87,42,1.98,1.9,1.95,1.87,22,0,1.82,1.75,2.16,2.06,2.5,3.47,2.97,10,21,16,16,660,999,2.46,3.54,3.21
D2,18/12/16,Bielefeld,Dresden,1,2,A,0,1,A,2.6,3.1,2.8,2.5,3.3,2.8,2.6,3.1,2.7,2.62,3.2,2.7,2.71,3.33,2.81,2.45,3.25,2.75,2.7,3.3,2.7,50,2.71,2.6,3.33,3.16,2.85,2.71,44,2.04,1.96,1.88,1.81,25,0,1.97,1.89,1.98,1.91,2.93,3.38,2.58,14,24,16,16,779,1134,3.27,2.40,3.60
D2,18/12/16,Hannover,Sandhausen,0,0,D,0,0,D,1.6,3.8,5.75,1.62,4,5.25,1.6,3.7,5.4,1.62,3.75,5.5,1.62,4.02,6.28,1.62,3.6,5.5,1.65,4,5.25,49,1.69,1.62,4.02,3.75,6.28,5.44,43,1.92,1.82,2.03,1.94,23,-1,2.16,2.07,1.8,1.74,1.63,4.09,6.06,31,23,16,16,1331,1023,2.27,3.82,3.36
D2,18/12/16,Wurzburger Kickers,Stuttgart,3,0,H,2,0,H,3.3,3.6,2.05,3.5,3.3,2.1,3.3,3.3,2.1,3.5,3.3,2.1,3.81,3.44,2.12,3.3,3.2,2.15,3.5,3.5,2.1,47,3.81,3.46,3.6,3.31,2.16,2.08,40,2.17,2.06,1.8,1.72,21,0.25,2.1,2.03,1.88,1.79,3.23,3.24,2.46,24,32,16,16,1072,1268,3.27,2.40,3.60
D2,19/12/16,Nurnberg,Kaiserslautern,2,1,H,0,0,D,1.95,3.5,3.8,1.87,3.5,4.1,2,3.3,3.6,1.95,3.4,3.8,2.02,3.53,4.08,1.8,3.5,4.2,1.95,3.5,3.9,49,2.02,1.94,3.53,3.35,4.2,3.89,42,2.03,1.94,1.92,1.82,22,-0.5,2.01,1.92,1.96,1.87,2.12,3.34,3.92,22,19,16,16,1037,961,2.31,3.95,3.19
D2,27/01/17,Fortuna Dusseldorf,Sandhausen,0,3,A,0,1,A,2.3,3.1,3.25,2.25,3.2,3.3,2.3,3.2,3,2.3,3,3.25,2.38,3.2,3.42,2.25,3.1,3.2,2.38,3.2,3.2,49,2.45,2.31,3.28,3.12,3.42,3.2,44,2.4,2.28,1.68,1.6,26,-0.25,2.05,1.98,1.9,1.85,2.47,3.11,3.35,25,24,17,17,1070,1023,2.46,3.54,3.21
D2,27/01/17,Munich 1860,Greuther Furth,2,1,H,1,1,D,2.2,3.25,3.3,2.25,3.3,3.2,2.2,3.3,3.1,2.2,3.25,3.3,2.23,3.42,3.52,2.25,3.2,3.1,2.25,3.3,3.3,49,2.31,2.23,3.42,3.25,3.52,3.25,45,2.12,2.03,1.84,1.76,26,-0.25,1.96,1.91,2,1.92,2.19,3.34,3.72,16,21,17,17,756,848,2.29,3.98,3.20
D2,27/01/17,Union Berlin,Bochum,2,1,H,0,1,A,2.05,3.5,3.4,2,3.6,3.6,2,3.3,3.6,2.05,3.5,3.5,2.09,3.67,3.63,2,3.5,3.4,2.1,3.6,3.4,50,2.12,2.04,3.67,3.51,3.75,3.46,46,1.76,1.69,2.26,2.13,26,-0.5,2.11,2.04,1.86,1.8,2.07,3.66,3.72,28,22,17,17,1190,999,2.53,2.75,4.14
D2,28/01/17,Erzgebirge Aue,Heidenheim,2,1,H,0,0,D,2.75,3.1,2.63,2.75,3.2,2.6,2.6,3.2,2.6,2.75,3,2.7,2.85,3.15,2.81,2.62,3,2.7,2.75,3.2,2.7,49,2.9,2.72,3.2,3.06,2.81,2.66,40,2.47,2.35,1.6,1.56,25,0,2.01,1.92,1.95,1.88,2.84,3.11,2.85,13,29,17,17,659,1175,-9.03,0.97,12.51
D2,28/01/17,Wurzburger Kickers,Braunschweig,1,1,D,1,0,H,2.63,3.2,2.7,2.7,3,2.8,2.6,3.2,2.6,2.75,3,2.75,2.82,3.13,2.85,2.5,3,2.88,2.7,3.2,2.7,49,2.82,2.66,3.2,3.04,2.88,2.74,41,2.6,2.45,1.57,1.52,25,0,1.97,1.89,1.98,1.91,2.81,3,2.98,27,34,17,17,1135,1301,2.27,3.82,3.36
D2,29/01/17,Karlsruhe,Bielefeld,3,2,H,0,0,D,2.3,3.1,3.25,2.3,3.2,3.2,2.3,3.2,3,2.3,3,3.25,2.45,3.14,3.35,2.3,3.1,3.1,2.3,3.2,3.25,48,2.45,2.32,3.2,3.07,3.4,3.2,41,2.49,2.37,1.6,1.55,23,-0.25,2.05,1.97,1.91,1.85,2.36,3.09,3.6,14,14,17,17,737,724,2.27,3.99,3.25
D2,29/01/17,Nurnberg,Dresden,1,2,A,0,1,A,2.45,3.3,2.8,2.35,3.4,2.95,2.4,3.2,2.85,2.4,3.3,2.9,2.51,3.44,2.98,2.25,3.4,2.9,2.45,3.4,2.88,48,2.51,2.4,3.45,3.31,3,2.85,44,1.82,1.75,2.1,2.03,23,-0.25,2.15,2.09,1.8,1.75,2.77,3.44,2.68,25,27,17,17,1085,1189,2.50,3.45,3.22
D2,29/01/17,St Pauli,Stuttgart,0,1,A,0,0,D,3.4,3.5,2.05,3.5,3.4,2.1,3.6,3.3,2,3.4,3.4,2.1,3.6,3.56,2.14,3.3,3.3,2.1,3.4,3.5,2.15,48,3.6,3.37,3.56,3.41,2.18,2.09,45,1.93,1.84,2.05,1.93,23,0.25,2.06,2,1.88,1.82,3.62,3.49,2.16,11,32,17,17,660,1205,3.40,2.31,3.67
D2,30/01/17,Hannover,Kaiserslautern,1,0,H,0,0,D,1.75,3.6,4.6,1.72,3.7,4.75,1.7,3.6,4.7,1.75,3.5,4.75,1.8,3.71,5.02,1.73,3.5,4.6,1.8,3.7,4.5,48,1.82,1.76,3.75,3.54,5.15,4.59,43,2.09,2,1.84,1.77,23,-0.75,2.09,2.01,1.87,1.81,1.74,3.81,5.34,32,19,17,17,1331,913,2.45,2.96,3.93
D2,03/02/17,Bielefeld,Munich 1860,2,1,H,2,1,H,2.1,3.3,3.5,2.1,3.4,3.5,2.4,3.2,2.85,2.1,3.2,3.6,2.14,3.39,3.8,2.15,3.1,3.4,2.1,3.4,3.6,47,2.4,2.11,3.42,3.27,3.8,3.53,44,2.17,2.06,1.83,1.73,25,-0.25,1.86,1.8,2.11,2.05,2.19,3.39,3.64,14,19,18,18,688,798,2.50,3.45,3.22
D2,03/02/17,Greuther Furth,Hannover,4,1,H,2,0,H,3.9,3.5,1.91,3.9,3.4,1.95,3.1,3.3,2.2,3.6,3.6,1.95,3.88,3.77,1.99,3.6,3.5,1.95,3.7,3.6,2,48,4,3.73,3.77,3.52,2.2,1.95,46,1.83,1.76,2.17,2.03,23,0.5,1.94,1.89,2,1.94,3.88,3.78,1.99,21,35,18,18,806,1377,3.15,2.50,3.54
D2,03/02/17,Kaiserslautern,Wurzburger Kickers,1,0,H,0,0,D,2.25,3,3.5,2.4,3,3.2,2.4,3.2,2.85,2.3,2.9,3.4,2.38,3.04,3.62,2.38,2.88,3.2,2.38,3,3.4,48,2.45,2.34,3.2,2.96,3.62,3.34,41,2.9,2.7,1.49,1.43,26,-0.25,2.02,1.98,1.91,1.86,2.38,3.05,3.62,19,28,18,18,867,1135,2.31,3.95,3.19
D2,04/02/17,Heidenheim,Nurnberg,2,3,A,1,1,D,2.15,3.3,3.4,2.25,3.4,3.25,2.1,3.3,3.3,2.25,3.3,3.2,2.31,3.44,3.33,2.2,3.3,3.1,2.25,3.4,3.2,47,2.35,2.24,3.44,3.29,3.4,3.16,45,2.02,1.94,1.9,1.83,23,-0.25,1.99,1.92,1.97,1.91,2.22,3.26,3.73,29,25,18,18,1116,1009,2.29,3.67,3.45
D2,04/02/17,Sandhausen,Erzgebirge Aue,2,0,H,0,0,D,2,3.2,4,2,3.5,3.6,2.1,3.2,3.4,1.95,3.4,3.8,2.01,3.57,4.04,2,3.3,3.6,2,3.5,3.7,47,2.1,1.99,3.57,3.38,4.04,3.73,45,2.1,1.99,1.86,1.79,23,-0.5,2.06,1.99,1.9,1.84,2,3.38,4.36,27,16,18,18,1098,718,9.05,1.14,86.97
D2,05/02/17,Bochum,Karlsruhe,1,1,D,0,0,D,2,3.5,3.6,2.15,3.3,3.4,2.2,3.2,3.2,2.1,3.25,3.6,2.12,3.42,3.82,2.1,3.3,3.3,2.05,3.5,3.6,47,2.2,2.09,3.5,3.29,3.82,3.52,44,2.13,2.03,1.85,1.75,23,-0.25,1.83,1.79,2.12,2.05,2.21,3.46,3.52,22,17,18,18,949,773,2.28,3.75,3.40
D2,05/02/17,Braunschweig,St Pauli,1,2,A,0,1,A,1.8,3.5,4.5,1.75,3.6,4.75,1.6,3.7,5.4,1.8,3.4,4.5,1.85,3.6,4.81,1.75,3.5,4.5,1.8,3.6,4.6,46,1.88,1.79,3.7,3.48,5.4,4.52,43,2.21,2.08,1.81,1.72,24,-0.5,1.85,1.79,2.14,2.05,1.74,3.66,5.68,35,11,18,18,1301,614,3.01,2.07,5.39
D2,05/02/17,Dresden,Union Berlin,0,0,D,0,0,D,2.15,3.5,3.2,2.15,3.3,3.4,2.3,3.2,3,2.1,3.4,3.4,2.14,3.57,3.6,2.15,3.4,3.1,2.15,3.5,3.4,47,2.3,2.13,3.57,3.39,3.6,3.31,45,1.82,1.77,2.12,2.01,23,-0.25,1.89,1.83,2.07,2,2.12,3.6,3.64,30,31,18,18,1265,1240,2.26,3.88,3.33
D2,06/02/17,Stuttgart,Fortuna Dusseldorf,2,0,H,2,0,H,1.62,3.75,5.5,1.55,4.1,5.75,1.6,3.7,5.4,1.62,3.8,5.5,1.63,4.11,6,1.62,3.8,5,1.62,4.1,5.25,46,1.67,1.6,4.11,3.87,6.5,5.43,42,1.83,1.75,2.1,2.02,22,-0.75,1.82,1.75,2.18,2.07,1.72,3.98,5.18,35,25,18,18,1251,995,2.83,2.25,4.92
D2,10/02/17,Erzgebirge Aue,Greuther Furth,0,0,D,0,0,D,2.25,3.1,3.4,2.25,3.3,3.2,2.3,3.3,2.9,2.25,3.2,3.3,2.3,3.33,3.44,2.2,3.1,3.3,2.3,3.3,3.25,41,2.4,2.28,3.33,3.18,3.47,3.23,38,2.26,2.14,1.76,1.69,23,-0.25,2.04,1.95,1.94,1.88,2.45,3.25,3.23,16,24,19,19,682,875,3.74,2.12,3.82
D2,10/02/17,Fortuna Dusseldorf,Kaiserslautern,1,1,D,0,0,D,2.5,3,3,2.55,3.1,2.9,2.5,3.3,2.65,2.6,2.9,2.9,2.68,3.09,3.04,2.5,2.9,3,2.55,3.1,3,41,2.69,2.57,3.3,2.99,3.1,2.94,34,2.66,2.5,1.57,1.51,24,0,1.85,1.79,2.11,2.03,2.58,3.03,3.25,25,22,19,19,945,924,3.15,2.50,3.54
D2,10/02/17,Nurnberg,Braunschweig,1,1,D,0,1,A,2.4,3.2,3,2.4,3.25,2.95,2.4,3.3,2.75,2.4,3.25,2.9,2.47,3.39,3.07,2.38,3.3,2.8,2.45,3.3,2.9,41,2.5,2.4,3.39,3.24,3.25,2.95,39,2,1.92,1.95,1.86,23,-0.25,2.13,2.06,1.84,1.78,2.66,3.42,2.81,28,35,19,19,1087,1210,2.27,3.82,3.36
D2,11/02/17,Munich 1860,Karlsruhe,2,1,H,0,0,D,2.38,3.1,3.1,2.4,3.1,3.1,2.4,3.3,2.75,2.4,3,3.1,2.44,3.18,3.32,2.3,3.1,3.1,2.45,3.1,3.13,40,2.5,2.38,3.3,3.07,3.32,3.08,34,2.4,2.31,1.64,1.58,22,-0.25,2.08,2.03,1.85,1.8,2.34,3.15,3.56,19,18,19,19,758,773,2.36,3.28,3.68
D2,11/02/17,Wurzburger Kickers,Heidenheim,0,2,A,0,0,D,2.3,3,3.4,2.35,3,3.3,2.3,3.2,3,2.3,2.88,3.5,2.42,2.99,3.62,2.38,2.8,3.3,2.38,3,3.4,40,2.42,2.33,3.2,2.93,3.62,3.38,32,3,2.76,1.47,1.42,20,-0.25,2.02,1.96,1.93,1.86,2.33,2.98,3.85,28,29,19,19,1078,1038,2.39,3.18,3.75
D2,12/02/17,St Pauli,Dresden,2,0,H,1,0,H,3,3.25,2.38,2.95,3.3,2.4,2.65,3.3,2.5,3,3.1,2.4,3.1,3.23,2.55,3.1,3.1,2.3,3,3.3,2.45,38,3.1,2.97,3.3,3.15,2.55,2.41,35,2.28,2.16,1.73,1.66,20,0.25,1.82,1.75,2.16,2.08,2.72,3.17,2.93,14,31,19,19,705,1265,3.27,2.40,3.60
D2,12/02/17,Stuttgart,Sandhausen,2,1,H,1,0,H,1.62,3.75,5.5,1.6,4.1,5.25,1.6,3.7,5.4,1.65,3.75,5.25,1.65,4.01,5.87,1.65,3.75,4.8,1.65,4,5.2,40,1.7,1.62,4.1,3.79,5.87,5.27,38,1.93,1.85,2,1.92,20,-0.75,1.88,1.81,2.08,2.01,1.68,3.96,5.63,38,30,19,19,1301,1134,2.31,3.95,3.19
D2,12/02/17,Union Berlin,Bielefeld,3,1,H,1,1,D,1.8,3.6,4.33,1.83,3.5,4.4,1.8,3.5,4.2,1.8,3.5,4.5,1.83,3.7,4.75,1.8,3.5,4.2,1.8,3.7,4.4,40,1.87,1.8,3.7,3.57,4.8,4.33,38,1.94,1.87,2.01,1.91,19,-0.5,1.84,1.78,2.11,2.04,1.93,3.65,4.33,32,17,19,19,1240,728,2.92,2.16,5.14
D2,13/02/17,Hannover,Bochum,2,1,H,1,1,D,1.62,3.8,5.5,1.67,3.8,5,1.65,3.6,5.1,1.7,3.8,4.75,1.71,4.03,5.21,1.65,3.8,4.75,1.73,3.8,4.8,39,1.74,1.68,4.03,3.78,5.5,4.8,35,1.74,1.67,2.25,2.15,20,-0.75,1.93,1.88,1.99,1.94,1.66,4.18,5.44,35,23,19,19,1308,949,2.92,2.16,5.14
D2,17/02/17,Braunschweig,Erzgebirge Aue,1,1,D,1,0,H,1.57,3.6,6.5,1.65,3.8,5,1.6,3.7,5.4,1.62,3.6,5.75,1.63,3.94,6.37,1.67,3.6,5,1.67,3.4,6.5,43,1.67,1.59,3.94,3.7,6.5,5.86,39,2.15,2.05,1.81,1.74,22,-0.75,1.82,1.75,2.16,2.07,1.69,3.62,6.27,36,17,20,20,1210,682,2.69,2.44,4.56
D2,17/02/17,Heidenheim,Stuttgart,1,2,A,1,1,D,3.1,3.25,2.3,3.1,3.1,2.35,2.75,3.3,2.4,3.1,3.25,2.3,3.18,3.43,2.39,3.1,3.1,2.3,3.13,3.3,2.38,44,3.21,3.06,3.43,3.22,2.41,2.32,40,2.21,2.09,1.78,1.71,23,0.25,1.89,1.83,2.06,1.99,3.32,3.31,2.37,32,41,20,20,1113,1358,2.60,3.24,3.27
D2,17/02/17,Kaiserslautern,Sandhausen,3,0,H,2,0,H,2.2,3.1,3.5,2.15,3.25,3.4,2.2,3.2,3.2,2.3,3,3.3,2.34,3.18,3.53,2.25,3,3.3,2.3,3.1,3.4,44,2.38,2.26,3.25,3.05,3.55,3.36,33,2.61,2.51,1.53,1.5,23,-0.25,2.01,1.95,1.93,1.92,2.49,3.06,3.37,23,30,20,20,924,1077,2.71,3.03,3.32
D2,18/02/17,Bochum,Wurzburger Kickers,2,1,H,0,1,A,2.25,3.1,3.4,2.2,3.3,3.25,2.2,3.2,3.2,2.25,3.25,3.3,2.3,3.36,3.43,2.2,3.2,3.2,2.25,3.25,3.4,43,2.33,2.22,3.36,3.18,3.45,3.28,37,2.31,2.21,1.68,1.63,22,-0.25,1.98,1.91,1.96,1.91,2.27,3.23,3.63,23,28,20,20,902,1003,2.37,3.79,3.19
D2,18/02/17,Greuther Furth,Fortuna Dusseldorf,1,0,H,1,0,H,2.38,3.2,3,2.2,3.3,3.2,2.2,3.3,3.1,2.38,3.2,3.1,2.43,3.3,3.22,2.3,3.1,3.1,2.38,3.25,3.1,43,2.43,2.32,3.3,3.17,3.25,3.08,37,2.27,2.16,1.72,1.66,22,-0.25,2.08,2.01,1.86,1.82,2.4,3.28,3.29,25,26,20,20,875,945,2.53,2.75,4.14
D2,19/02/17,Bielefeld,St Pauli,1,1,D,0,0,D,2.38,3.2,3,2.5,3.2,2.8,2.5,3.3,2.65,2.4,3,3.1,2.5,3.21,3.19,2.4,3,3,2.4,3.2,3.1,43,2.5,2.4,3.3,3.12,3.19,2.99,36,2.33,2.21,1.67,1.63,22,-0.25,2.13,2.05,1.83,1.78,2.55,3.17,3.15,17,17,20,20,692,768,2.86,2.81,3.39
D2,19/02/17,Dresden,Hannover,1,2,A,0,0,D,2.45,3.2,2.9,2.65,3.3,2.55,2.5,3.3,2.65,2.4,3.4,2.75,2.54,3.54,2.87,2.4,3.4,2.7,2.5,3.4,2.8,43,2.65,2.46,3.54,3.32,2.9,2.75,40,1.87,1.79,2.08,1.99,24,0,1.85,1.8,2.09,1.9,2.48,3.5,2.98,31,38,20,20,1202,1355,2.27,3.99,3.25
D2,19/02/17,Karlsruhe,Union Berlin,1,2,A,0,2,A,2.75,3.2,2.6,2.45,3.25,2.85,2.6,3.2,2.6,2.8,3,2.62,2.91,3.14,2.76,2.6,3,2.75,2.8,3.2,2.63,43,2.91,2.72,3.3,3.09,2.85,2.63,36,2.33,2.23,1.67,1.62,24,0,2.02,1.94,1.98,1.87,3.04,3.34,2.52,18,35,20,20,734,1276,3.15,2.50,3.54
D2,20/02/17,Munich 1860,Nurnberg,2,0,H,2,0,H,2.5,3.2,2.8,2.6,3.3,2.6,2.5,3.2,2.75,2.5,3.1,2.8,2.65,3.28,2.91,2.45,3.25,2.75,2.55,3.25,2.88,41,2.65,2.51,3.4,3.21,2.91,2.75,37,2.03,1.94,1.92,1.83,22,0,1.92,1.81,2.07,1.98,2.25,3.46,3.41,22,29,20,20,797,1087,2.32,3.91,3.19
D2,24/02/17,Sandhausen,Braunschweig,0,1,A,0,0,D,2.5,3,3,2.55,3.1,2.9,2.6,3.2,2.6,2.5,3.1,2.9,2.61,3.22,3.02,2.38,3.1,3,2.55,3.2,2.9,47,2.63,2.51,3.22,3.08,3.09,2.92,43,2.42,2.28,1.67,1.6,24,0,1.83,1.78,2.16,2.05,2.6,3.25,3.01,30,37,21,21,1023,1210,2.58,2.65,4.26
D2,24/02/17,Union Berlin,Munich 1860,2,0,H,1,0,H,1.75,3.6,4.6,1.78,3.8,4.33,1.8,3.5,4.2,1.75,3.5,4.5,1.81,3.76,4.84,1.8,3.6,4,1.83,3.6,4.33,48,1.85,1.78,3.8,3.6,4.84,4.44,46,1.86,1.78,2.08,2.01,22,-0.5,1.83,1.77,2.14,2.07,1.88,3.58,4.7,38,25,21,21,1327,851,2.58,2.65,4.26
D2,24/02/17,Wurzburger Kickers,Greuther Furth,1,1,D,0,0,D,2.15,3.1,3.6,2.15,3,3.8,2.2,3.2,3.2,2.2,2.9,3.75,2.24,3.07,3.94,2.2,2.88,3.6,2.2,3.1,3.7,48,2.3,2.2,3.2,2.98,3.94,3.64,40,2.9,2.71,1.5,1.43,22,-0.25,1.92,1.86,2.03,1.95,2.22,3.08,4.01,28,28,21,21,953,922,2.50,3.45,3.22
D2,25/02/17,Fortuna Dusseldorf,Heidenheim,0,0,D,0,0,D,2.55,3.1,2.88,2.65,3.2,2.7,2.5,3.2,2.75,2.62,3,2.88,2.7,3.15,2.96,2.5,3,2.88,2.63,3.1,2.88,46,2.7,2.59,3.2,3.04,2.96,2.83,39,2.5,2.39,1.6,1.54,21,0,1.88,1.82,2.08,2,2.48,3.16,3.28,26,32,21,21,898,1035,3.15,2.50,3.54
D2,25/02/17,Hannover,Bielefeld,2,2,D,1,2,A,1.57,4,5.5,1.6,4.1,5.25,1.5,4,6.1,1.62,3.8,5.25,1.63,4.18,5.78,1.57,3.8,5.5,1.65,4,5.2,46,1.67,1.6,4.6,3.94,6.1,5.23,43,1.78,1.71,2.15,2.08,20,-0.75,1.86,1.81,2.08,2.02,1.67,4.16,5.43,41,18,21,21,1439,692,6.08,1.28,19.17
D2,26/02/17,Erzgebirge Aue,Dresden,1,4,A,0,4,A,3.3,3.1,2.3,3.1,3.2,2.35,2.6,3.2,2.6,3.2,3.2,2.3,3.3,3.34,2.36,3.1,3.1,2.3,3.13,3.25,2.38,46,3.3,3.13,3.34,3.17,2.6,2.3,41,2.24,2.16,1.72,1.66,20,0.25,1.9,1.85,2.03,1.97,3.01,3.19,2.63,18,31,21,21,682,1118,2.94,2.71,3.44
D2,26/02/17,Nurnberg,Bochum,0,1,A,0,1,A,2.2,3.3,3.3,2.15,3.4,3.3,2,3.3,3.6,2.15,3.5,3.2,2.19,3.7,3.36,2,3.5,3.4,2.2,3.5,3.2,46,2.23,2.14,3.7,3.45,3.6,3.19,39,1.71,1.66,2.25,2.16,20,-0.25,1.94,1.88,2,1.94,2.11,3.71,3.56,29,26,21,21,1033,952,2.28,4.00,3.21
D2,26/02/17,Stuttgart,Kaiserslautern,2,0,H,0,0,D,1.7,3.6,5,1.7,3.8,4.75,1.55,3.9,5.6,1.7,3.6,5,1.71,3.9,5.39,1.73,3.5,4.6,1.73,3.75,4.8,46,1.77,1.69,3.97,3.65,5.6,4.94,44,2.02,1.94,1.9,1.83,20,-0.75,1.98,1.92,1.97,1.9,1.69,3.9,5.61,44,26,21,21,1436,978,2.69,2.44,4.56
D2,27/02/17,St Pauli,Karlsruhe,5,0,H,1,0,H,2,3.2,4,2.1,3,4,2.2,3.2,3.2,2.05,3,4,2.11,3.14,4.31,2.05,3.1,3.75,2.1,3.2,3.9,46,2.2,2.06,3.2,3.07,4.31,3.86,37,2.61,2.48,1.55,1.5,20,-0.5,2.11,2.03,1.86,1.79,2.19,3.07,4.12,18,18,21,21,768,683,2.42,3.07,3.84
D2,03/03/17,Bochum,Fortuna Dusseldorf,1,2,A,1,0,H,2.25,3.2,3.25,2.15,3.3,3.4,2.3,3.1,3.1,2.25,3.2,3.25,2.31,3.34,3.42,2.2,3.2,3.2,2.3,3.3,3.2,46,2.33,2.24,3.4,3.24,3.45,3.25,45,2.08,2.01,1.88,1.78,22,-0.25,2,1.93,1.98,1.91,2.25,3.37,3.53,29,27,22,22,1024,898,2.69,2.44,4.56
D2,03/03/17,Dresden,Kaiserslautern,3,3,D,2,2,D,2,3.4,3.7,2,3.25,4,2.1,3.3,3.3,2,3.3,3.8,2.05,3.43,4.06,2.05,3.2,3.6,2,3.4,3.9,44,2.1,2.02,3.5,3.31,4.1,3.78,42,2.26,2.16,1.74,1.67,21,-0.5,2.08,2.01,1.89,1.84,2.08,3.46,3.93,34,26,22,22,1166,929,2.26,3.88,3.33
D2,03/03/17,Union Berlin,Wurzburger Kickers,2,0,H,1,0,H,1.83,3.5,4,1.91,3.25,4.33,1.8,3.5,4.2,1.85,3.3,4.5,1.92,3.42,4.76,1.85,3.25,4.33,1.87,3.5,4.33,46,1.97,1.88,3.5,3.32,4.77,4.32,43,2.38,2.29,1.67,1.6,21,-0.5,1.95,1.89,2.01,1.95,2.01,3.28,4.47,41,29,22,22,1370,953,4.37,1.49,9.82
D2,04/03/17,Karlsruhe,Hannover,2,0,H,1,0,H,3.4,3.5,2.05,3.6,3.4,2.05,3.3,3.3,2.1,3.5,3.3,2.1,3.69,3.49,2.14,3.5,3.4,2,3.5,3.5,2.1,44,3.69,3.46,3.5,3.33,2.16,2.09,43,2.08,1.99,1.87,1.78,18,0.25,2.08,2.02,1.85,1.82,3.36,3.63,2.21,18,42,22,22,649,1439,5.67,1.66,4.53
D2,04/03/17,Munich 1860,St Pauli,1,2,A,1,2,A,2.3,3.1,3.25,2.35,3.2,3.1,2.4,3.3,2.75,2.4,3.1,3.1,2.44,3.21,3.3,2.3,3.1,3.1,2.4,3.13,3.2,44,2.45,2.37,3.3,3.11,3.3,3.06,39,2.41,2.29,1.63,1.59,18,-0.25,2.09,2.03,1.85,1.8,2.45,3.2,3.28,25,21,22,22,808,802,2.50,3.45,3.22
D2,05/03/17,Bielefeld,Erzgebirge Aue,2,2,D,2,0,H,2.1,3.3,3.5,2.15,3.25,3.5,2.1,3.3,3.3,2.15,3.25,3.5,2.19,3.4,3.64,2.2,3.1,3.3,2.15,3.3,3.5,44,2.22,2.14,3.4,3.24,3.64,3.41,42,2.25,2.14,1.74,1.68,18,-0.25,1.9,1.84,2.05,1.99,2.23,3.26,3.71,19,18,22,22,692,634,2.27,3.82,3.36
D2,05/03/17,Greuther Furth,Nurnberg,1,0,H,0,0,D,2.38,3.25,3,2.45,3.25,2.9,2.4,3.2,2.85,2.5,3.1,2.88,2.61,3.29,2.97,2.25,3.3,3,2.55,3.3,2.8,43,2.63,2.47,3.3,3.19,3,2.85,42,2.05,1.96,1.88,1.81,19,0,1.85,1.8,2.09,2.02,2.46,3.33,3.14,29,29,22,22,922,961,2.34,3.39,3.61
D2,05/03/17,Heidenheim,Sandhausen,2,2,D,1,2,A,2.25,3,3.5,2.25,3.1,3.4,2.1,3.3,3.3,2.25,3.1,3.4,2.29,3.24,3.58,2.15,3.1,3.4,2.25,3.13,3.5,44,2.37,2.24,3.3,3.08,3.58,3.35,39,2.52,2.42,1.56,1.53,18,-0.25,1.96,1.91,1.98,1.92,2.14,3.22,4.05,33,30,22,22,1035,951,2.27,4.00,3.23
D2,06/03/17,Braunschweig,Stuttgart,1,1,D,1,1,D,2.88,3.3,2.4,2.8,3.25,2.55,2.65,3.3,2.5,2.8,3.1,2.5,2.96,3.3,2.62,2.62,3.2,2.6,2.8,3.3,2.55,44,3.05,2.8,3.3,3.19,2.62,2.5,41,2,1.91,1.94,1.86,19,0,2.14,2.01,1.86,1.8,3.16,3.45,2.39,40,47,22,22,1282,1485,3.74,2.12,3.82
D2,10/03/17,Erzgebirge Aue,Karlsruhe,1,0,H,1,0,H,2.5,3.1,2.9,2.55,3.1,2.9,2.4,3.2,2.85,2.5,3.1,2.9,2.59,3.2,3.07,2.4,3,3,2.5,3.25,2.9,44,2.62,2.5,3.25,3.1,3.1,2.89,41,2.36,2.24,1.7,1.62,19,-0.25,2.21,2.13,1.79,1.72,2.56,3.28,3.04,19,21,23,23,634,721,2.34,3.86,3.18
D2,10/03/17,St Pauli,Union Berlin,1,2,A,0,1,A,2.4,3.2,3,2.4,3.2,3,2.6,3.1,2.7,2.48,3.32,3.12,2.48,3.37,3.08,2.3,3.2,3,2.5,3.13,2.9,42,2.6,2.4,3.37,3.21,3.17,2.95,40,2.15,2.02,1.86,1.77,19,-0.25,2.13,2.06,1.85,1.79,2.44,3.36,3.15,24,44,23,23,859,1418,2.27,3.99,3.25
D2,10/03/17,Stuttgart,Bochum,1,1,D,0,1,A,1.5,4,6.5,1.53,4.1,6,1.5,4,6.1,1.53,4,6,1.53,4.43,6.79,1.55,4,5.5,1.53,4.4,5.75,44,1.59,1.52,4.45,4.19,6.79,5.9,38,1.65,1.58,2.46,2.32,18,-1,1.98,1.87,2.03,1.94,1.5,4.56,7.28,48,29,23,23,1485,952,3.88,1.62,8.02
D2,11/03/17,Hannover,Munich 1860,1,0,H,0,0,D,1.7,4,4.5,1.67,3.7,5.25,1.65,3.6,5.1,1.7,3.8,4.75,1.73,4.01,5.07,1.62,3.8,5,1.73,4,4.6,43,1.77,1.69,4.01,3.79,5.25,4.68,40,1.78,1.7,2.21,2.1,17,-0.75,1.96,1.9,1.99,1.92,1.83,3.68,4.84,42,25,23,23,1367,751,2.76,2.35,4.73
D2,11/03/17,Wurzburger Kickers,Dresden,0,2,A,0,0,D,2.63,3.2,2.7,2.55,3.3,2.8,2.6,3.2,2.6,2.62,3,2.8,2.73,3.16,2.92,2.5,3,2.88,2.6,3.2,2.8,43,2.75,2.61,3.3,3.07,2.92,2.78,37,2.5,2.38,1.6,1.55,18,0,1.92,1.85,2.04,1.96,2.56,3.18,3.13,29,35,23,23,905,1166,2.86,2.81,3.39
D2,12/03/17,Kaiserslautern,Heidenheim,1,1,D,0,0,D,2.3,3.2,3.1,2.3,3.2,3.2,2.2,3.1,3.3,2.3,3,3.25,2.41,3.15,3.42,2.25,3,3.3,2.38,3.2,3.2,41,2.42,2.32,3.2,3.05,3.42,3.2,34,2.62,2.48,1.57,1.5,16,-0.25,2.07,1.99,1.88,1.83,2.62,3.12,3.1,27,34,23,23,929,1035,2.39,3.18,3.75
D2,12/03/17,Nurnberg,Bielefeld,1,0,H,1,0,H,2.1,3.5,3.3,2.05,3.4,3.6,2,3.3,3.6,2.1,3.4,3.4,2.18,3.52,3.55,2.1,3.4,3.25,2.1,3.5,3.5,42,2.18,2.09,3.52,3.36,3.6,3.38,41,1.98,1.89,1.99,1.87,16,-0.25,1.88,1.82,2.07,2.01,2.14,3.52,3.67,29,20,23,23,913,692,2.27,3.82,3.36
D2,12/03/17,Sandhausen,Greuther Furth,1,1,D,1,0,H,2.15,3.4,3.3,2.1,3.4,3.4,2.3,3.3,2.9,2.2,3.1,3.4,2.25,3.27,3.63,2.05,3.2,3.6,2.15,3.4,3.4,42,2.3,2.17,3.4,3.19,3.63,3.36,37,2.34,2.23,1.66,1.62,16,-0.25,1.94,1.87,2,1.94,2.24,3.25,3.68,31,32,23,23,951,970,2.43,3.63,3.20
D2,13/03/17,Fortuna Dusseldorf,Braunschweig,1,2,A,1,0,H,2.6,3.25,2.7,2.65,3.2,2.7,2.6,3.2,2.6,2.62,3,2.8,2.8,3.16,2.84,2.6,3,2.75,2.63,3.25,2.75,42,2.8,2.63,3.28,3.08,2.84,2.73,35,2.35,2.24,1.66,1.61,17,0,1.94,1.86,2.01,1.94,2.66,3.24,2.94,30,41,23,23,970,1282,2.55,3.35,3.24
D2,17/03/17,Bielefeld,Kaiserslautern,2,0,H,0,0,D,2.6,3.1,2.8,2.45,3.25,2.9,2.4,3.3,2.75,2.62,3,2.8,2.78,3.15,2.87,2.6,3,2.75,2.7,3.1,2.8,42,2.78,2.63,3.3,3.06,3,2.79,39,2.44,2.32,1.65,1.58,20,0,1.93,1.86,2.02,1.96,2.78,3.16,2.87,20,28,24,24,657,929,2.46,3.54,3.21
D2,17/03/17,Braunschweig,Heidenheim,3,2,H,1,1,D,2.1,3.2,3.6,2,3.3,3.9,1.9,3.45,3.8,2.1,3.2,3.6,2.17,3.32,3.79,2.05,3.2,3.6,2.15,3.3,3.5,42,2.2,2.1,3.45,3.24,3.92,3.57,37,2.3,2.16,1.74,1.67,19,-0.25,1.86,1.82,2.1,2.03,2.15,3.26,3.97,44,35,24,24,1350,1035,2.45,2.96,3.93
D2,17/03/17,Munich 1860,Wurzburger Kickers,2,1,H,0,0,D,2.3,3,3.4,2.25,3,3.5,2.1,3.3,3.3,2.3,3,3.4,2.39,3.11,3.5,2.4,3,3,2.38,3,3.4,42,2.43,2.32,3.3,2.99,3.62,3.32,36,2.72,2.52,1.55,1.5,19,-0.25,2.03,1.97,1.92,1.87,2.39,3.02,3.64,25,29,24,24,713,842,2.58,2.65,4.26
D2,18/03/17,Greuther Furth,Stuttgart,1,0,H,1,0,H,4,3.3,1.95,4,3.4,1.95,3.6,3.3,2,3.6,3.4,2,3.89,3.51,2.07,3.4,3.5,2,3.6,3.5,2.05,42,4,3.7,3.72,3.38,2.07,1.99,40,2,1.9,1.95,1.87,16,0.5,1.87,1.82,2.07,2,3.86,3.51,2.08,33,49,24,24,970,1485,2.34,3.86,3.18
D2,18/03/17,St Pauli,Hannover,0,0,D,0,0,D,2.45,3.2,2.9,2.55,3.3,2.75,2.6,3.2,2.6,2.5,3.2,2.8,2.65,3.29,2.91,2.6,3.25,2.6,2.55,3.3,2.8,42,2.7,2.55,3.35,3.17,2.91,2.76,40,2.01,1.91,1.95,1.86,17,0,1.88,1.83,2.06,1.98,2.57,3.57,2.81,24,45,24,24,799,1405,2.39,3.18,3.75
D2,19/03/17,Bochum,Erzgebirge Aue,1,1,D,0,1,A,1.95,3.3,4,1.91,3.5,4,2,3.3,3.6,2,3.3,3.75,2.08,3.5,3.86,1.95,3.3,3.75,2.1,3.4,3.6,41,2.1,2,3.5,3.34,4,3.65,40,2,1.92,1.92,1.85,16,-0.5,2.08,2.02,1.86,1.81,2.11,3.42,3.86,30,22,24,24,952,670,2.28,3.75,3.40
D2,19/03/17,Dresden,Sandhausen,2,0,H,1,0,H,1.91,3.25,4.2,1.95,3.4,3.9,1.9,3.45,3.8,1.91,3.4,4,1.94,3.59,4.3,2,3.2,3.75,1.93,3.5,4.1,41,2.02,1.92,3.59,3.4,4.3,3.9,39,2.08,2.01,1.83,1.76,16,-0.5,1.97,1.9,1.98,1.91,1.84,3.67,4.78,38,32,24,24,1229,951,2.42,3.07,3.84
D2,19/03/17,Karlsruhe,Fortuna Dusseldorf,0,3,A,0,2,A,2.3,3,3.4,2.35,3.1,3.2,2.4,3.3,2.75,2.38,3.1,3.2,2.42,3.23,3.31,2.3,3,3.2,2.4,3.2,3.13,41,2.42,2.33,3.3,3.1,3.4,3.13,36,2.32,2.16,1.71,1.65,16,-0.25,2.06,2,1.87,1.83,2.44,3.3,3.2,21,30,24,24,685,902,2.50,3.45,3.22
D2,20/03/17,Union Berlin,Nurnberg,1,0,H,0,0,D,1.75,3.5,4.75,1.8,3.75,4.2,1.8,3.5,4.2,1.8,3.6,4.33,1.81,3.9,4.64,1.8,3.6,4,1.8,3.75,4.3,40,1.87,1.77,3.9,3.66,4.75,4.24,36,1.8,1.73,2.16,2.06,15,-0.75,2.08,2.02,1.87,1.81,1.72,4.12,4.98,47,32,24,24,1478,948,3.68,1.69,7.37
D2,31/03/17,Erzgebirge Aue,St Pauli,1,0,H,1,0,H,2.55,3.1,2.88,2.65,3.25,2.65,2.6,3.2,2.6,2.5,3,2.9,2.65,3.15,3.03,2.62,3,2.75,2.55,3.2,2.9,46,2.74,2.58,3.25,3.08,3.03,2.83,43,2.38,2.27,1.68,1.6,23,0,1.88,1.81,2.08,2.01,2.75,2.98,3.06,23,25,25,25,670,799,3.40,2.31,3.67
D2,31/03/17,Fortuna Dusseldorf,Munich 1860,0,1,A,0,0,D,2.15,3.2,3.5,2.1,3.3,3.5,2.3,3.3,2.9,2.1,3.1,3.8,2.16,3.24,3.94,2.1,3.1,3.6,2.1,3.2,3.75,45,2.3,2.12,3.3,3.18,3.94,3.59,42,2.4,2.26,1.68,1.61,22,-0.25,1.86,1.8,2.11,2.04,2.18,3.24,3.89,33,28,25,25,950,755,2.27,3.82,3.36
D2,31/03/17,Nurnberg,Karlsruhe,2,1,H,0,1,A,1.83,3.4,4.5,1.85,3.5,4.33,2,3.3,3.6,1.85,3.4,4.33,1.89,3.61,4.57,1.85,3.3,4.2,1.87,3.5,4.3,46,2,1.85,3.61,3.44,4.86,4.24,44,2.1,2,1.86,1.78,22,-0.5,1.93,1.85,2.03,1.98,1.87,3.55,4.78,32,21,25,25,901,637,2.45,2.96,3.93
D2,01/04/17,Hannover,Union Berlin,2,0,H,0,0,D,2.25,3.3,3.2,2.2,3.4,3.25,2.1,3.3,3.3,2.3,3.4,3,2.31,3.63,3.15,2.2,3.3,3.1,2.15,3.5,3,45,2.33,2.24,3.63,3.4,3.3,3.06,43,1.8,1.72,2.17,2.06,23,-0.25,2.06,1.97,1.9,1.85,2.29,3.48,3.32,46,50,25,25,1405,1525,3.40,2.31,3.67
D2,01/04/17,Sandhausen,Bochum,0,0,D,0,0,D,2.1,3.1,3.75,2.2,3.4,3.25,2.3,3,3.2,2.15,3.25,3.5,2.2,3.38,3.64,2.2,3.2,3.2,2.2,3.25,3.5,45,2.33,2.18,3.4,3.2,3.75,3.38,43,2.16,2.07,1.77,1.72,23,-0.25,1.94,1.86,2.05,1.96,2.24,3.4,3.51,32,31,25,25,903,952,2.31,3.95,3.19
D2,01/04/17,Wurzburger Kickers,Bielefeld,1,1,D,1,0,H,2.05,3.3,3.6,2.15,3.2,3.6,2.3,3.3,2.9,2.1,3.1,3.75,2.17,3.21,3.93,2.15,3.1,3.4,2.15,3.25,3.6,44,2.3,2.13,3.3,3.12,3.93,3.62,38,2.6,2.47,1.55,1.5,22,-0.25,1.88,1.81,2.08,2.02,2.24,3.16,3.82,29,23,25,25,800,703,2.40,3.72,3.19
D2,02/04/17,Heidenheim,Greuther Furth,0,2,A,0,1,A,2.1,3.2,3.6,2.15,3.2,3.5,2.2,3.3,3.1,2.2,3.1,3.4,2.28,3.28,3.56,2.15,3.1,3.4,2.2,3.2,3.5,43,2.3,2.18,3.3,3.15,3.75,3.4,38,2.4,2.26,1.66,1.6,19,-0.25,1.92,1.86,2.02,1.96,2.04,3.36,4.2,35,36,25,25,983,1044,3.15,2.50,3.54
D2,02/04/17,Kaiserslautern,Braunschweig,0,1,A,0,0,D,2.75,3.1,2.63,2.85,3.1,2.6,2.65,3.3,2.5,2.7,3.1,2.7,2.81,3.22,2.78,2.62,3.1,2.62,2.75,3.1,2.75,43,2.85,2.71,3.3,3.06,2.8,2.66,38,2.5,2.31,1.61,1.57,20,0,1.98,1.92,1.95,1.89,2.82,3.17,2.82,28,47,25,25,883,1402,2.55,3.35,3.24
D2,02/04/17,Stuttgart,Dresden,3,3,D,1,3,A,1.85,3.75,4,1.85,3.6,4.1,1.8,3.5,4.2,1.91,3.6,3.75,1.95,3.88,3.92,1.8,3.6,4,1.93,3.75,3.8,43,1.97,1.89,3.88,3.62,4.2,3.81,40,1.67,1.63,2.31,2.22,19,-0.5,1.96,1.9,1.98,1.92,1.86,3.91,4.3,49,41,25,25,1411,1277,2.31,3.95,3.19
D2,04/04/17,Bielefeld,Fortuna Dusseldorf,2,1,H,1,1,D,2.5,3.1,2.9,2.5,3.3,2.8,2.4,3.3,2.75,2.5,3.1,2.88,2.63,3.24,2.97,2.38,3.2,2.9,2.55,3.2,2.9,43,2.66,2.5,3.3,3.15,3,2.86,40,2.28,2.19,1.73,1.65,23,0,1.86,1.81,2.09,2.03,2.61,3.26,2.99,24,33,26,26,703,884,2.34,3.86,3.18
D2,04/04/17,Hannover,Nurnberg,1,0,H,0,0,D,1.62,3.8,5.5,1.57,3.9,6,1.6,3.9,5,1.62,4,5,1.63,4.18,5.74,1.62,3.8,5,1.6,4,5.5,44,1.67,1.59,4.13,3.94,6.25,5.42,42,1.72,1.65,2.3,2.18,21,-0.75,1.85,1.76,2.16,2.07,1.62,4.21,5.84,49,35,26,26,1481,933,2.39,3.18,3.75
D2,04/04/17,Karlsruhe,Wurzburger Kickers,1,1,D,1,0,H,2.75,2.88,2.8,2.6,2.95,2.95,2.5,3.3,2.65,2.5,2.9,3,2.73,3.01,3.06,2.62,2.88,2.88,2.7,3,2.9,43,2.84,2.66,3.3,2.91,3.4,2.88,38,2.9,2.67,1.49,1.44,23,0,1.9,1.84,2.06,1.98,2.66,3.02,3.14,21,30,26,26,605,800,2.32,3.91,3.19
D2,04/04/17,St Pauli,Sandhausen,0,0,D,0,0,D,2,3.3,3.75,1.95,3.3,4.1,1.9,3.45,3.8,2,3.1,4,2.06,3.27,4.27,2,3.2,3.8,2.05,3.3,3.9,43,2.08,2,3.45,3.23,4.27,3.88,40,2.4,2.26,1.69,1.61,22,-0.5,2.06,2,1.89,1.83,1.98,3.29,4.6,25,33,26,26,759,903,2.42,3.07,3.84
D2,05/04/17,Bochum,Kaiserslautern,0,0,D,0,0,D,2.2,3.2,3.4,2.3,3.2,3.2,2.3,3.2,3,2.3,3.1,3.25,2.38,3.25,3.38,2.3,3.1,3.1,2.38,3.2,3.2,42,2.38,2.27,3.3,3.15,3.4,3.2,40,2.25,2.14,1.75,1.67,21,-0.25,2.03,1.97,1.9,1.86,2.41,3.16,3.4,32,28,26,26,952,821,2.36,3.28,3.68
D2,05/04/17,Dresden,Heidenheim,2,1,H,0,0,D,1.85,3.4,4.33,1.87,3.6,4.1,1.8,3.5,4.2,1.91,3.4,4,1.94,3.65,4.22,1.91,3.4,3.8,1.95,3.4,4,42,1.97,1.89,3.65,3.46,4.46,3.99,41,1.92,1.84,2.01,1.92,19,-0.5,1.95,1.89,1.98,1.93,1.98,3.4,4.41,42,35,26,26,1277,914,4.10,1.56,8.82
D2,05/04/17,Greuther Furth,Braunschweig,0,0,D,0,0,D,2.8,3.1,2.6,2.6,3.3,2.7,2.6,3.2,2.6,2.75,3.1,2.62,2.9,3.26,2.68,2.62,3.1,2.62,2.8,3.13,2.7,41,2.9,2.73,3.3,3.11,2.7,2.61,36,2.28,2.16,1.74,1.65,20,0,2.03,1.95,1.92,1.86,2.81,3.24,2.77,39,50,26,26,1113,1464,2.29,3.67,3.45
D2,05/04/17,Munich 1860,Stuttgart,1,1,D,1,0,H,3.3,3.2,2.25,3.4,3.3,2.15,3.1,3.3,2.2,3.1,3.4,2.2,3.21,3.47,2.35,2.9,3.3,2.3,3,3.4,2.38,41,3.45,3.08,3.47,3.28,2.38,2.27,41,1.96,1.88,1.97,1.88,19,0.25,1.89,1.84,2.05,1.98,3.28,3.42,2.34,31,50,26,26,821,1411,2.32,3.91,3.19
D2,05/04/17,Union Berlin,Erzgebirge Aue,0,1,A,0,0,D,1.57,4,5.75,1.62,3.9,5.5,1.55,3.9,5.6,1.62,3.8,5.75,1.64,4.06,5.92,1.62,3.6,5.5,1.62,4,5.5,42,1.67,1.61,4.1,3.8,6.14,5.48,40,2,1.91,1.94,1.85,19,-0.75,1.84,1.78,2.15,2.05,1.68,3.79,6.03,50,26,26,26,1449,710,3.68,1.69,7.37
D2,07/04/17,Nurnberg,St Pauli,0,2,A,0,0,D,2.4,3.25,2.9,2.4,3.3,2.95,2.3,3.3,2.9,2.4,3.1,3,2.54,3.27,3.08,2.45,3.1,2.88,2.45,3.25,3,45,2.54,2.44,3.32,3.18,3.08,2.92,44,2.2,2.1,1.79,1.71,23,-0.25,2.17,2.1,1.81,1.76,2.94,3.29,2.62,35,26,27,27,886,759,2.46,3.54,3.21
D2,07/04/17,Sandhausen,Bielefeld,1,3,A,0,1,A,2.45,3.3,2.8,2.4,3.2,3,2.3,3.2,3,2.5,3.1,2.9,2.63,3.21,3,2.5,3.1,2.8,2.5,3.3,2.9,44,2.64,2.49,3.3,3.11,3.07,2.91,42,2.44,2.29,1.65,1.59,23,0,1.84,1.79,2.14,2.07,2.52,3.21,3.15,34,27,27,27,903,747,2.43,3.63,3.20
D2,07/04/17,Wurzburger Kickers,Hannover,0,0,D,0,0,D,3.25,3.2,2.25,3.3,3.2,2.25,3.2,3.2,2.2,3.3,3.1,2.3,3.42,3.28,2.34,3.1,3.1,2.3,3.3,3.2,2.3,45,3.47,3.21,3.3,3.17,2.43,2.28,43,2.4,2.27,1.68,1.61,21,0.25,1.92,1.88,2.01,1.96,3.25,3.27,2.43,31,52,27,27,800,1528,4.46,1.88,4.12
D2,08/04/17,Heidenheim,Bochum,0,0,D,0,0,D,2.1,3.2,3.6,2.15,3.25,3.5,2.3,3,3.2,2.1,3.3,3.5,2.16,3.44,3.68,2.1,3.25,3.4,2.15,3.3,3.6,45,2.3,2.12,3.44,3.26,3.68,3.42,44,2.07,1.97,1.88,1.8,20,-0.25,1.87,1.82,2.08,2.02,2.19,3.4,3.63,35,33,27,27,868,952,2.43,3.63,3.20
D2,08/04/17,Kaiserslautern,Greuther Furth,2,0,H,2,0,H,2.25,3.2,3.2,2.3,3.2,3.2,2.3,3.3,2.9,2.3,3,3.3,2.35,3.16,3.53,2.3,3,3.2,2.38,3.2,3.2,43,2.47,2.3,3.3,3.07,3.53,3.23,38,2.63,2.47,1.56,1.51,21,-0.25,2.04,1.99,1.93,1.86,2.28,3.25,3.6,29,40,27,27,821,1113,4.46,1.88,4.12
D2,09/04/17,Erzgebirge Aue,Munich 1860,3,0,H,1,0,H,2.38,3.1,3.1,2.3,3.3,3.1,2.4,3.2,2.85,2.38,3.1,3.1,2.41,3.25,3.3,2.3,3.1,3.1,2.38,3.2,3.2,42,2.57,2.35,3.3,3.12,3.3,3.09,37,2.4,2.27,1.68,1.59,19,-0.25,2.09,2.01,1.88,1.83,2.53,3.11,3.24,29,32,27,27,811,821,2.28,3.75,3.40
D2,09/04/17,Fortuna Dusseldorf,Union Berlin,2,2,D,0,1,A,2.8,3.2,2.5,2.8,3.3,2.5,2.6,3.2,2.6,2.8,3.2,2.5,2.98,3.31,2.58,2.62,3.2,2.6,2.88,3.25,2.55,42,2.98,2.78,3.4,3.22,2.6,2.5,41,2.18,2.06,1.78,1.73,20,0,2.09,2.01,1.86,1.82,2.72,3.34,2.79,33,50,27,27,840,1348,3.27,2.40,3.60
D2,09/04/17,Stuttgart,Karlsruhe,2,0,H,1,0,H,1.45,4.33,7,1.48,4.25,6.75,1.45,4,7,1.5,4.2,6,1.52,4.49,6.9,1.5,4,6,1.5,4.4,6.5,42,1.53,1.48,4.5,4.22,7,6.36,41,1.85,1.76,2.11,2.02,20,-1,1.89,1.83,2.14,2.01,1.46,4.7,7.77,51,22,27,27,1411,605,6.08,1.28,19.17
D2,10/04/17,Braunschweig,Dresden,1,0,H,0,0,D,2.25,3.1,3.4,2.15,3.3,3.4,2.1,3.3,3.3,2.25,3.2,3.2,2.34,3.36,3.33,2.1,3.4,3.25,2.25,3.4,3.13,42,2.34,2.22,3.4,3.23,3.5,3.19,40,2,1.92,1.93,1.85,19,-0.25,2,1.94,1.95,1.88,2.16,3.44,3.69,51,45,27,27,1464,1323,2.32,3.91,3.19
D2,15/04/17,Hannover,Braunschweig,1,0,H,1,0,H,2.05,3.4,3.6,2.05,3.3,3.6,2.1,3.3,3.3,2.05,3.3,3.6,2.09,3.49,3.84,2,3.3,3.6,2.1,3.4,3.6,42,2.15,2.03,3.49,3.32,4,3.6,41,2.07,1.99,1.86,1.78,17,-0.5,2.11,2.04,1.87,1.81,2.23,3.26,3.71,53,54,28,28,1528,1530,2.26,3.88,3.33
D2,15/04/17,Nurnberg,Erzgebirge Aue,2,1,H,1,0,H,2.38,3.1,3.1,2.35,3.1,3.1,2.3,3.2,3,2.38,3.1,3.1,2.46,3.29,3.18,2.3,3.2,3,2.38,3.25,3.13,40,2.46,2.35,3.3,3.16,3.2,3.03,39,2.23,2.12,1.8,1.69,17,-0.25,2.1,2.02,1.89,1.83,2.25,3.27,3.63,35,32,28,28,824,852,3.27,2.40,3.60
D2,16/04/17,Bochum,Greuther Furth,1,0,H,1,0,H,2.25,3.2,3.25,2.35,3.3,2.95,2.2,3.2,3.2,2.3,3.2,3.2,2.36,3.35,3.31,2.25,3.2,3.1,2.3,3.25,3.2,39,2.38,2.28,3.35,3.2,3.31,3.11,37,2.18,2.06,1.8,1.73,17,-0.25,2.03,1.98,1.9,1.86,2.19,3.46,3.59,34,40,28,28,952,1057,2.46,3.54,3.21
D2,16/04/17,Dresden,Fortuna Dusseldorf,1,1,D,0,1,A,1.91,3.6,3.8,1.91,3.5,3.8,1.8,3.5,4.2,1.91,3.4,4,1.94,3.59,4.33,1.91,3.4,3.8,1.93,3.6,4,39,1.99,1.9,3.6,3.42,4.33,3.91,38,2,1.92,1.92,1.85,17,-0.5,1.98,1.91,1.98,1.93,2.15,3.52,3.63,45,34,28,28,1257,840,2.32,3.49,3.55
D2,16/04/17,Karlsruhe,Heidenheim,0,1,A,0,0,D,2.4,3.25,2.9,2.45,3.3,2.8,2.3,3.3,2.9,2.5,3.1,2.9,2.67,3.23,2.94,2.5,3.1,2.8,2.5,3.25,2.9,39,2.67,2.48,3.3,3.13,3,2.85,33,2.29,2.19,1.72,1.64,16,0,1.86,1.79,2.13,2.06,2.99,3.24,2.63,22,36,28,28,575,868,2.71,3.03,3.32
D2,16/04/17,Munich 1860,Sandhausen,1,1,D,1,0,H,2,3.3,3.75,2.05,3.25,3.6,2,3.3,3.6,2.05,3.2,3.8,2.09,3.33,4.08,2.05,3.2,3.6,2.1,3.3,3.75,40,2.12,2.03,3.4,3.19,4.08,3.74,33,2.38,2.25,1.65,1.6,17,-0.5,2.09,2.04,1.86,1.81,2.06,3.35,4.15,32,34,28,28,780,840,2.58,2.65,4.26
D2,16/04/17,St Pauli,Wurzburger Kickers,1,0,H,0,0,D,2,3.3,3.8,1.95,3.25,4,1.9,3.45,3.8,2,3,4.2,2.06,3.19,4.39,2.05,2.9,4,2.05,3.2,4,39,2.11,2.01,3.45,3.08,4.39,3.98,33,2.86,2.66,1.5,1.45,17,-0.5,2.07,2.03,1.87,1.82,2.19,3.08,4.11,29,32,28,28,821,800,3.68,1.69,7.37
D2,16/04/17,Union Berlin,Kaiserslautern,3,1,H,1,0,H,1.85,3.4,4.33,1.8,3.6,4.25,1.7,3.6,4.7,1.85,3.3,4.5,1.88,3.53,4.77,1.85,3.3,4.2,1.87,3.4,4.5,39,1.92,1.83,3.6,3.38,4.77,4.31,37,2.22,2.11,1.77,1.69,17,-0.5,1.9,1.85,2.04,1.99,1.82,3.64,4.99,51,32,28,28,1348,877,2.92,2.16,5.14
D2,17/04/17,Bielefeld,Stuttgart,2,3,A,1,0,H,3.5,3.4,2.05,3.4,3.3,2.1,3.3,3.3,2.1,3.3,3.4,2.1,3.48,3.64,2.16,3.2,3.3,2.15,3.5,3.4,2.15,38,3.5,3.33,3.64,3.38,2.18,2.1,36,1.95,1.85,2,1.91,16,0.25,2.07,2.01,1.88,1.82,3.65,3.7,2.08,30,54,28,28,810,1441,2.26,3.97,3.27
D2,21/04/17,Fortuna Dusseldorf,St Pauli,1,3,A,0,0,D,2.3,3.1,3.2,2.25,3.2,3.3,2.3,3.3,2.9,2.3,3,3.3,2.41,3.11,3.46,2.3,3.1,3.1,2.38,3.2,3.2,43,2.43,2.32,3.3,3.09,3.46,3.2,39,2.45,2.32,1.67,1.58,22,-0.25,2.05,2,1.9,1.85,2.58,3.11,3.17,35,32,29,29,840,861,4.46,1.88,4.12
D2,21/04/17,Greuther Furth,Dresden,1,0,H,0,0,D,2.45,3.4,2.75,2.55,3.5,2.65,2.4,3.3,2.75,2.5,3.3,2.75,2.59,3.48,2.85,2.4,3.4,2.7,2.5,3.4,2.8,44,2.6,2.49,3.5,3.33,2.85,2.73,44,1.86,1.78,2.09,2,22,-0.25,2.26,2.18,1.76,1.7,2.7,3.37,2.8,40,46,29,29,1004,1257,2.31,3.95,3.19
D2,21/04/17,Kaiserslautern,Munich 1860,1,0,H,0,0,D,2.45,3,3.1,2.35,3,3.3,2.3,3.2,3,2.4,2.9,3.1,2.53,3.08,3.29,2.5,2.9,3,2.45,3.1,3.1,43,2.55,2.44,3.2,3.01,3.3,3.06,36,2.56,2.39,1.59,1.54,21,-0.25,2.14,2.06,1.85,1.8,2.36,3.1,3.59,32,33,29,29,833,780,2.28,3.75,3.40
D2,22/04/17,Erzgebirge Aue,Hannover,2,2,D,1,1,D,3.6,3.25,2.1,3.5,3.1,2.2,3.3,3.3,2.1,3.3,3.25,2.2,3.54,3.4,2.23,3.2,3.2,2.2,3.3,3.3,2.25,43,3.6,3.29,3.4,3.24,2.27,2.18,41,2.22,2.09,1.77,1.7,19,0.25,2,1.94,1.96,1.9,3.39,3.33,2.33,32,56,29,29,809,1604,2.32,3.91,3.19
D2,22/04/17,Heidenheim,Bielefeld,2,2,D,0,0,D,2.3,3.5,2.9,2.3,3.2,3.2,2.2,3.3,3.1,2.4,3.2,3,2.45,3.31,3.18,2.3,3.2,3,2.4,3.4,2.9,43,2.47,2.35,3.5,3.2,3.2,2.99,42,2.19,2.08,1.78,1.71,20,-0.25,2.11,2.05,1.83,1.79,2.47,3.38,3.08,39,30,29,29,908,753,2.71,3.03,3.32
D2,23/04/17,Braunschweig,Bochum,2,0,H,0,0,D,1.73,3.6,4.75,1.7,3.8,4.75,1.6,3.7,5.4,1.73,3.5,4.75,1.75,3.8,5.28,1.67,3.6,5,1.75,3.6,4.8,42,1.8,1.72,3.8,3.57,5.4,4.79,42,2.03,1.94,1.91,1.82,19,-0.75,2.02,1.97,1.92,1.87,1.74,3.84,5.32,54,37,29,29,1454,1005,2.30,3.58,3.50
D2,23/04/17,Sandhausen,Karlsruhe,4,0,H,2,0,H,2.1,3.4,3.4,2.05,3.25,3.75,1.9,3.45,3.8,2.05,3.2,3.75,2.12,3.35,3.93,2.1,3.1,3.6,2.1,3.4,3.6,42,2.16,2.06,3.45,3.22,3.93,3.63,37,2.36,2.24,1.64,1.61,19,-0.25,1.83,1.78,2.14,2.06,2.27,3.31,3.55,35,22,29,29,840,535,2.49,2.86,4.03
D2,23/04/17,Wurzburger Kickers,Nurnberg,1,1,D,1,0,H,2.2,3.2,3.4,2.25,3.25,3.3,2.2,3.3,3.1,2.25,3,3.4,2.27,3.22,3.65,2.2,3.1,3.3,2.25,3.2,3.4,40,2.33,2.23,3.3,3.11,3.65,3.32,36,2.55,2.41,1.58,1.53,18,-0.5,2.33,2.24,1.7,1.66,2.25,3.24,3.67,32,38,29,29,760,867,2.55,3.35,3.24
D2,24/04/17,Stuttgart,Union Berlin,3,1,H,2,0,H,1.8,3.6,4.33,1.85,3.7,4,1.8,3.5,4.2,1.85,3.6,4,1.93,3.76,4.17,1.85,3.6,3.8,1.91,3.6,4,41,1.93,1.85,3.76,3.57,4.33,3.97,36,1.73,1.67,2.25,2.13,18,-0.5,1.93,1.85,2.06,1.97,1.83,3.88,4.57,57,54,29,29,1498,1392,2.27,3.82,3.36
D2,28/04/17,Bochum,Dresden,4,2,H,0,2,A,2.3,3.3,3.1,2.3,3.4,2.9,2.3,3.3,2.9,2.35,3.3,2.8,2.49,3.51,2.96,2.38,3.4,2.75,2.45,3.4,2.88,41,2.5,2.38,3.51,3.34,3.1,2.86,40,1.86,1.78,2.07,1.99,19,-0.25,2.13,2.07,1.86,1.79,2.2,3.67,3.37,37,46,30,30,955,1194,2.34,3.86,3.18
D2,28/04/17,St Pauli,Heidenheim,3,0,H,0,0,D,1.91,3.3,4.2,1.91,3.4,3.9,1.9,3.45,3.8,1.86,3.2,4.2,1.94,3.61,4.37,1.91,3.25,4,1.91,3.4,4.3,41,1.99,1.91,3.61,3.36,4.46,4.06,37,2.23,2.14,1.74,1.67,19,-0.5,1.95,1.9,2,1.94,1.78,3.68,5.22,35,40,30,30,920,908,3.68,1.69,7.37
D2,28/04/17,Union Berlin,Sandhausen,2,1,H,1,0,H,1.62,3.75,5.5,1.55,4.1,5.5,1.6,3.7,5.4,1.6,3.7,5.25,1.61,4.09,6.23,1.57,3.8,5.5,1.62,3.9,5.75,41,1.67,1.59,4.1,3.87,6.23,5.48,40,1.96,1.87,1.99,1.9,19,-0.75,1.82,1.77,2.14,2.08,1.5,4.39,7.52,54,38,30,30,1322,867,2.34,3.39,3.61
D2,29/04/17,Bielefeld,Greuther Furth,1,1,D,0,0,D,2,3.5,3.6,2.05,3.4,3.5,1.85,3.45,4,2.05,3.2,3.5,2.12,3.41,3.85,2.15,3.25,3.25,2.05,3.5,3.6,40,2.15,2.07,3.5,3.29,4,3.54,39,2.14,2.02,1.84,1.76,18,-0.25,1.83,1.79,2.11,2.06,1.88,3.8,4.36,31,43,30,30,753,1067,2.27,3.82,3.36
D2,29/04/17,Karlsruhe,Kaiserslautern,1,3,A,1,1,D,3.6,3.2,2.1,3.7,3.25,2.05,4,3.45,1.85,3.6,3.1,2.05,3.77,3.43,2.13,3.75,3.2,2,3.7,3.3,2.1,39,4,3.6,3.45,3.24,2.17,2.07,34,2.36,2.25,1.64,1.6,18,0.25,2.11,2.05,1.84,1.8,3.55,3.38,2.24,22,35,30,30,508,872,3.94,2.04,3.91
D2,29/04/17,Nurnberg,Stuttgart,2,3,A,2,0,H,4,3.4,1.91,3.7,3.6,1.91,3.6,3.3,2,3.6,3.5,1.9,4.06,3.72,1.96,3.6,3.6,1.91,3.8,3.5,2,39,4.06,3.72,3.8,3.52,2.03,1.94,38,1.82,1.74,2.14,2.03,17,0.5,1.96,1.9,2,1.94,5.4,4.24,1.65,39,60,30,30,867,1568,3.40,2.31,3.67
D2,30/04/17,Erzgebirge Aue,Wurzburger Kickers,3,1,H,3,0,H,2.3,3,3.4,2.35,3.25,3,2.2,3.3,3.1,2.3,2.9,3.25,2.36,3.16,3.52,2.3,3,3.2,2.38,3,3.4,40,2.4,2.3,3.3,3.03,3.52,3.24,35,2.64,2.49,1.55,1.49,18,-0.25,2.04,1.98,1.91,1.87,2.43,2.92,3.7,33,33,30,30,809,760,4.37,1.49,9.82
D2,30/04/17,Hannover,Fortuna Dusseldorf,1,0,H,1,0,H,1.53,4,6.25,1.5,4.1,6.25,1.6,3.7,5.4,1.53,3.75,6,1.56,4.21,6.8,1.57,3.8,5.5,1.57,4.1,6,40,1.61,1.54,4.21,3.93,6.8,5.94,39,2.04,1.94,1.89,1.82,19,-1,2.07,1.99,1.88,1.84,1.63,3.97,6.36,57,35,30,30,1604,781,3.68,1.69,7.37
D2,30/04/17,Munich 1860,Braunschweig,0,1,A,0,0,D,2.63,3.2,2.7,2.65,3.3,2.55,2.65,3.3,2.5,2.62,3,2.65,2.79,3.26,2.78,2.6,3,2.75,2.7,3.2,2.75,40,2.79,2.63,3.3,3.14,2.8,2.66,36,2.27,2.18,1.72,1.64,17,-0.25,2.33,2.28,1.69,1.64,2.66,3.32,2.88,33,57,30,30,741,1504,3.56,2.21,3.74
D2,05/05/17,Dresden,Munich 1860,1,2,A,0,1,A,2.45,3.25,2.88,2.4,3.5,2.8,2.4,3.4,2.7,2.4,3.25,2.75,2.57,3.52,2.84,2.4,3.4,2.7,2.5,3.4,2.8,43,2.58,2.47,3.52,3.3,2.92,2.77,42,1.95,1.86,2,1.9,21,-0.25,2.22,2.15,1.78,1.72,2.47,3.48,3.01,46,33,31,31,1134,689,2.42,3.07,3.84
D2,05/05/17,Heidenheim,Hannover,0,2,A,0,2,A,4.75,3.75,1.7,4.5,3.4,1.8,4,3.45,1.85,4.5,3.5,1.72,5.13,3.83,1.76,4.33,3.4,1.8,4.6,3.7,1.8,43,5.13,4.56,3.83,3.57,1.88,1.76,42,2.02,1.93,1.92,1.84,20,0.75,1.94,1.88,2.02,1.96,4.97,3.79,1.79,40,60,31,31,863,1643,8.09,1.47,5.10
D2,05/05/17,Kaiserslautern,St Pauli,1,2,A,0,0,D,2.7,2.8,3,2.7,2.8,3,2.6,2.9,2.9,2.55,2.9,2.8,2.84,2.82,3.15,2.6,2.9,2.8,2.7,2.88,2.9,42,2.84,2.67,3,2.83,3.15,2.91,39,2.48,2.35,1.62,1.56,20,-0.25,2.36,2.28,1.71,1.65,2.88,2.78,3.15,38,38,31,31,908,965,3.27,2.40,3.60
D2,06/05/17,Fortuna Dusseldorf,Wurzburger Kickers,1,1,D,0,0,D,2.05,3.1,3.9,2.15,3.3,3.4,2.2,3.2,3.2,2.15,3,3.6,2.14,3.25,3.99,2.2,3.1,3.3,2.15,3.2,3.7,41,2.23,2.12,3.3,3.11,3.99,3.59,36,2.6,2.46,1.57,1.5,18,-0.25,1.87,1.82,2.09,2.02,2.2,3.1,4.03,35,33,31,31,742,722,2.26,3.93,3.30
D2,06/05/17,Sandhausen,Nurnberg,0,1,A,0,0,D,2.4,3,3.2,2.5,3,3.1,2.6,2.9,2.9,2.4,3.1,2.87,2.65,3.03,3.15,2.5,3.1,2.8,2.5,3.1,3,40,2.65,2.49,3.15,2.99,3.2,2.95,38,2.2,2.04,1.83,1.74,18,-0.25,2.24,2.12,1.8,1.74,2.68,2.96,3.18,38,39,31,31,824,806,2.26,3.88,3.33
D2,07/05/17,Bochum,Bielefeld,1,1,D,0,1,A,2.45,3.4,2.75,2.5,3.3,2.8,2.4,3.4,2.7,2.45,3.3,2.62,2.63,3.53,2.76,2.4,3.4,2.7,2.55,3.4,2.75,41,2.63,2.49,3.53,3.34,2.8,2.68,39,1.81,1.74,2.16,2.04,17,-0.25,2.26,2.17,1.75,1.7,2.65,3.47,2.78,40,32,31,31,1015,753,2.29,3.67,3.45
D2,07/05/17,Greuther Furth,Karlsruhe,0,1,A,0,0,D,1.6,3.6,6,1.57,4.1,5.5,1.55,3.9,5.6,1.61,3.6,5.25,1.65,3.93,6.05,1.57,3.6,6,1.62,3.8,5.75,40,1.67,1.61,4.1,3.72,6.05,5.49,39,2.05,1.98,1.87,1.79,17,-1,2.2,2.12,1.8,1.74,1.8,3.63,5.16,44,22,31,31,1067,472,-86.34,0.92,-12.72
D2,07/05/17,Stuttgart,Erzgebirge Aue,3,0,H,1,0,H,1.4,4.5,7.5,1.42,4.6,7.25,1.45,4,7,1.36,4.4,8,1.41,4.93,8.65,1.4,4.5,7,1.4,4.6,8,41,1.45,1.39,4.93,4.51,8.65,7.63,37,1.73,1.67,2.28,2.13,18,-1.25,1.95,1.88,2.01,1.95,1.48,4.53,7.78,63,36,31,31,1629,847,2.30,3.58,3.50
D2,08/05/17,Braunschweig,Union Berlin,3,1,H,1,0,H,2.2,3.1,3.5,2.25,3.4,3.1,2.1,3.3,3.3,2.2,3.25,3.1,2.36,3.3,3.35,2.2,3.3,3.1,2.3,3.3,3.2,40,2.36,2.24,3.4,3.2,3.5,3.17,38,1.97,1.89,1.98,1.87,18,-0.25,2.02,1.95,1.93,1.88,2.21,3.43,3.55,60,57,31,31,1556,1365,2.45,2.96,3.93
D2,14/05/17,Bielefeld,Braunschweig,6,0,H,2,0,H,2.75,3.2,2.6,2.7,3.4,2.5,3.1,3.3,2.2,2.6,3.2,2.55,2.7,3.56,2.67,2.6,3.2,2.62,2.75,3.3,2.63,43,3.1,2.65,3.56,3.29,2.7,2.57,41,2,1.87,1.97,1.88,15,0,2.5,2.01,1.94,1.87,3.06,3.61,2.37,33,63,32,32,753,1624,3.74,2.12,3.82
D2,14/05/17,Erzgebirge Aue,Kaiserslautern,1,0,H,0,0,D,2.3,3.1,3.2,2.2,3.3,3.3,2.3,3.3,2.9,2.2,3,3.3,2.29,3.25,3.56,2.3,3.2,3,2.25,3.2,3.4,42,2.35,2.24,3.3,3.13,3.56,3.27,36,2.41,2.3,1.65,1.58,17,-0.25,1.96,1.9,1.99,1.92,2.3,3.04,3.83,36,38,32,32,805,844,2.39,3.18,3.75
D2,14/05/17,Hannover,Stuttgart,1,0,H,1,0,H,2.45,3.1,3,2.5,3.4,2.7,2.4,3.3,2.75,2.4,3.3,2.7,2.56,3.52,2.86,2.4,3.4,2.7,2.45,3.4,2.88,43,2.56,2.44,3.52,3.3,3,2.78,41,1.84,1.76,2.14,2.01,18,-0.25,2.23,2.14,1.78,1.72,2.32,3.59,3.17,63,66,32,32,1703,1671,2.26,3.93,3.30
D2,14/05/17,Karlsruhe,Dresden,3,4,A,1,3,A,3.1,3.1,2.38,2.8,3.3,2.5,2.6,3.2,2.6,2.9,3.3,2.25,3.04,3.49,2.44,2.7,3.4,2.4,3,3.3,2.38,42,3.1,2.9,3.49,3.26,2.6,2.36,40,1.88,1.79,2.08,1.98,12,0,2.25,2.15,1.8,1.72,2.87,3.62,2.5,25,46,32,32,547,1055,3.74,2.12,3.82
D2,14/05/17,Munich 1860,Bochum,1,2,A,1,1,D,1.62,3.75,5.75,1.65,4,5,1.65,3.7,4.9,1.61,3.6,5,1.65,3.97,5.94,1.7,3.5,4.8,1.67,3.75,5.5,43,1.7,1.63,4,3.72,5.94,5.21,41,1.96,1.88,1.98,1.89,17,-0.75,1.89,1.83,2.05,1.99,1.66,3.95,5.91,36,41,32,32,768,1015,2.46,3.54,3.21
D2,14/05/17,Nurnberg,Fortuna Dusseldorf,2,3,A,1,1,D,3,3.2,2.38,2.7,3.25,2.6,2.6,3.2,2.6,2.8,3.1,2.45,3.02,3.36,2.52,2.7,3.1,2.6,2.9,3.2,2.55,42,3.02,2.8,3.36,3.18,2.6,2.48,39,2.19,2.04,1.8,1.74,14,0,2.1,2.03,1.88,1.81,2.77,3.48,2.66,42,36,32,32,864,742,2.34,3.39,3.61
D2,14/05/17,St Pauli,Greuther Furth,1,1,D,0,1,A,1.85,3.4,4.33,1.91,3.4,4.1,1.8,3.5,4.2,1.83,3.4,4,1.89,3.72,4.38,1.91,3.4,3.8,1.87,3.5,4.33,43,1.94,1.86,3.72,3.48,4.38,4.07,41,1.96,1.88,1.97,1.88,16,-0.5,1.9,1.85,2.05,1.98,1.75,3.77,5.27,41,44,32,32,1029,992,4.10,1.56,8.82
D2,14/05/17,Union Berlin,Heidenheim,0,1,A,0,0,D,1.44,4.2,7.5,1.5,4.75,5.5,1.6,3.7,5.4,1.5,4,6,1.52,4.46,6.93,1.5,4,6,1.53,4.2,6.25,41,1.6,1.5,4.75,4.12,7.5,6.19,38,1.79,1.73,2.17,2.06,16,-1,1.91,1.86,2.03,1.97,1.71,4,5.2,57,40,32,32,1297,803,2.83,2.25,4.92
D2,14/05/17,Wurzburger Kickers,Sandhausen,0,1,A,0,1,A,2,3.2,4,2.05,3.25,3.8,2.2,3.3,3.1,,,,2.08,3.21,4.31,2.1,3.1,3.6,2,3.3,4,41,2.2,2.03,3.3,3.12,4.31,3.88,36,2.68,2.49,1.53,1.5,16,-0.5,2.08,2.01,1.87,1.82,2.05,3.24,4.37,34,38,32,32,722,766,2.46,3.54,3.21
D2,21/05/17,Bochum,St Pauli,1,3,A,1,1,D,2.5,3.4,2.7,2.5,3.4,2.7,2.4,3.3,2.75,2.4,3.3,2.65,2.48,3.31,3.1,2.4,3.4,2.7,2.55,3.4,2.75,39,2.59,2.44,3.5,3.25,3.1,2.8,37,1.8,1.73,2.17,2.06,13,0,1.87,1.77,2.15,2.03,2.17,3.74,3.37,44,42,33,33,1069,1029,2.86,2.81,3.39
D2,21/05/17,Braunschweig,Karlsruhe,2,1,H,2,1,H,1.33,5,9,1.28,5.5,10,1.35,4.8,7.6,1.33,5,8.5,1.32,5.66,10.72,1.29,5,10,1.3,5.5,9.5,36,1.35,1.3,5.66,5.16,11.5,9.12,31,1.6,1.53,2.53,2.42,14,-1.5,2,1.91,1.96,1.89,1.47,4.92,7.18,63,25,33,33,1543,509,7.75,1.18,39.41
D2,21/05/17,Dresden,Bielefeld,1,1,D,0,0,D,3.25,3.4,2.15,3.1,3.7,2.15,,,,2.9,3.4,2.2,3.12,3.75,2.28,3,3.4,2.2,3.1,3.5,2.25,39,3.9,3.05,3.75,3.49,2.3,2.19,34,1.7,1.65,2.26,2.17,16,0.25,1.93,1.88,2.03,1.95,3.11,3.98,2.21,49,36,33,33,1093,834,3.27,2.40,3.60
D2,21/05/17,Fortuna Dusseldorf,Erzgebirge Aue,1,0,H,1,0,H,3.7,1.7,3.9,3.8,1.67,4.2,3.6,1.8,3.6,,,,,,,4,1.62,4,,,,18,4.15,3.86,1.83,1.74,4.25,3.91,20,2.61,2.51,1.54,1.5,9,0,2.03,1.94,1.89,1.83,4.18,1.79,4.3,39,39,33,33,802,847,3.04,2.60,3.49
D2,21/05/17,Greuther Furth,Union Berlin,1,2,A,0,1,A,2.1,3.4,3.4,2.15,3.5,3.25,2.1,3.3,3.3,2.15,3.3,3.1,2.26,3.54,3.35,2.15,3.3,3.2,2.25,3.4,3.2,39,2.27,2.17,3.54,3.35,3.4,3.19,37,1.88,1.79,2.08,1.99,16,-0.25,1.96,1.9,1.99,1.92,2.35,3.68,3.06,45,57,33,33,992,1206,2.49,2.86,4.03
D2,21/05/17,Heidenheim,Munich 1860,2,1,H,0,0,D,3.8,3.6,1.91,3.6,3.75,1.95,4,3.6,1.8,3.75,3.4,1.91,4.42,3.66,1.9,3.6,3.5,1.95,3.9,3.6,1.95,39,4.42,3.88,3.75,3.5,2,1.9,37,1.93,1.85,2.01,1.91,15,0.5,2.02,1.93,1.96,1.9,4.15,3.89,1.9,43,36,33,33,894,714,2.40,3.72,3.19
D2,21/05/17,Kaiserslautern,Nurnberg,1,0,H,1,0,H,1.73,3.6,4.75,1.72,3.9,4.5,1.65,3.6,5.1,1.73,3.4,4.6,1.75,3.79,5.31,1.75,3.5,4.5,1.75,3.7,4.75,39,1.8,1.73,3.9,3.55,5.31,4.72,37,2.09,2.02,1.82,1.75,16,-0.75,2.04,1.97,1.92,1.85,1.86,3.64,4.68,38,42,33,33,802,804,2.26,3.88,3.33
D2,21/05/17,Sandhausen,Hannover,1,1,D,0,0,D,5.25,4,1.6,5,3.9,1.65,4.3,3.6,1.75,5,3.6,1.67,5.64,3.9,1.69,4.8,3.75,1.65,5.2,3.9,1.67,39,5.8,5.15,4,3.7,1.75,1.64,37,2.04,1.95,1.88,1.82,15,0.75,2.05,1.97,1.91,1.85,5.3,4.19,1.67,41,66,33,33,817,1787,5.18,1.73,4.38
D2,21/05/17,Stuttgart,Wurzburger Kickers,4,1,H,1,0,H,1.36,5,7.5,1.36,5,7.75,1.4,4.5,7,1.36,4.6,8,1.35,5.41,10.22,1.36,4.75,7.5,1.36,5,8.5,39,1.42,1.35,5.41,4.85,10.22,8.06,33,1.68,1.61,2.31,2.24,17,-1.5,2.13,2.04,1.85,1.79,1.49,4.79,7.02,66,34,33,33,1587,671,10.93,1.10,-369.66
