Div,Date,HomeTeam,AwayTeam,FTHG,FTAG,FTR,HTHG,HTAG,HTR,B365H,B365D,B365A,BWH,BWD,BWA,IWH,IWD,IWA,LBH,LBD,LBA,PSH,PSD,PSA,WHH,WHD,WHA,SJH,SJD,SJA,VCH,VCD,VCA,Bb1X2,BbMxH,BbAvH,BbMxD,BbAvD,BbMxA,BbAvA,BbOU,BbMx>2.5,BbAv>2.5,BbMx<2.5,BbAv<2.5,BbAH,BbAHh,BbMxAHH,BbAvAHH,BbMxAHA,BbAvAHA,PSCH,PSCD,PSCA,HPTS,APTS,HPL,APL,HRATEFORM,ARATEFORM,FOH,FOD,FOA
F2,01/08/14,Ajaccio GFCO,Valenciennes,2,0,H,1,0,H,2.5,3,3,2.6,3,2.75,2.4,3,2.8,2.37,2.8,2.8,2.57,3.07,3.22,2.38,3,2.9,2.5,3,2.88,2.6,3,3.1,45,2.6,2.45,3.2,2.97,3.55,3.03,38,2.5,2.3,1.66,1.58,23,0,1.77,1.69,2.41,2.16,2.21,3.15,3.91,0,0,0,0,1000,1000,2.39,3.71,3.20
F2,01/08/14,Arles,Ajaccio,0,0,D,0,0,D,2.25,3,3.5,2.35,3,3.1,2.2,2.8,3.3,2.25,2.7,3.1,2.46,3.02,3.48,2.3,3,3.1,2.25,3,3.25,2.4,3,3.4,52,2.57,2.38,3.1,2.95,3.55,3.16,41,2.7,2.47,1.58,1.51,23,-0.25,2.16,2.07,1.83,1.78,2.34,3.04,3.71,0,0,0,0,1000,1000,2.39,3.71,3.20
F2,01/08/14,Auxerre,Le Havre,2,0,H,1,0,H,2.2,3.1,3.5,2.25,3,3.3,2,3.1,3.5,2.2,2.75,3.1,2.38,3.14,3.48,2,3.2,3.6,2.25,3.13,3.2,2.38,3.1,3.4,52,2.44,2.26,3.2,3.04,3.7,3.29,45,2.38,2.26,1.68,1.61,25,-0.25,2.05,1.99,1.9,1.85,2.77,2.99,3.02,0,0,0,0,1000,1000,2.39,3.71,3.20
F2,01/08/14,Chateauroux,Troyes,0,1,A,0,1,A,3.3,3.25,2.2,3.3,3,2.25,2.9,2.9,2.4,3.3,2.87,2.1,3.76,3.17,2.25,3.2,3,2.25,3,3,2.4,3.6,3.12,2.2,46,3.95,3.49,3.25,3.09,2.4,2.15,40,2.35,2.25,1.67,1.61,20,0.25,2.09,2.04,1.92,1.82,3.81,3.24,2.21,0,0,0,0,1000,1000,2.39,3.71,3.20
F2,01/08/14,Laval,Niort,1,1,D,0,0,D,2.38,3,3.2,2.4,3.1,2.95,2.3,3,2.9,2.3,2.87,2.87,2.53,3.07,3.28,2.25,3.2,3,2.3,3,3.13,2.5,3,3.25,52,2.6,2.38,3.2,2.99,3.3,3.1,43,2.5,2.31,1.68,1.57,23,-0.25,2.13,2.06,1.86,1.8,2.94,2.96,2.88,0,0,0,0,1000,1000,2.39,3.71,3.20
F2,01/08/14,Nancy,Dijon,1,1,D,0,0,D,1.91,3.2,4.33,1.85,3.2,4.33,1.85,3.1,4,1.85,2.9,4,2.04,3.31,4.31,1.8,3.2,4.33,1.83,3.2,4.33,2,3.2,4.4,52,2.04,1.93,3.33,3.16,4.6,4.12,49,2.28,2.14,1.76,1.68,23,-0.5,2.04,1.99,1.92,1.85,2.33,3.17,3.57,0,0,0,0,1000,1000,2.39,3.71,3.20
F2,01/08/14,Nimes,Angers,3,2,H,3,1,H,2.1,3.25,3.5,2.15,3.1,3.4,2,2.9,3.7,2.05,2.9,3.3,2.17,3.24,3.9,2.1,3.25,3.25,2.1,3.13,3.6,2.2,3.2,3.7,52,2.24,2.12,3.27,3.11,3.9,3.54,47,2.26,2.14,1.75,1.67,21,-0.25,1.89,1.84,2.08,2.01,2.19,3.34,3.74,0,0,0,0,1000,1000,2.39,3.71,3.20
F2,01/08/14,Tours,Creteil,4,2,H,2,1,H,2.05,3.1,4,2.05,3.1,3.7,2,3,3.6,1.95,2.9,3.5,2.13,3.33,3.91,1.95,3.1,3.8,2,3.2,3.75,2.15,3.1,3.9,51,2.16,2.04,3.33,3.14,4.2,3.72,49,2.06,1.97,1.92,1.8,21,-0.25,1.83,1.79,2.12,2.06,2.33,3.21,3.5,0,0,0,0,1000,1000,2.39,3.71,3.20
F2,02/08/14,Sochaux,Orleans,0,1,A,0,0,D,1.85,3.4,4.33,1.83,3.4,4.25,1.8,3.1,4.2,1.75,3.1,4,1.91,3.41,4.74,1.73,3.4,4.5,1.83,3.3,4.33,1.87,3.4,4.75,48,1.91,1.82,3.6,3.31,4.9,4.38,44,2.13,2.03,1.81,1.75,20,-0.5,1.91,1.85,2.06,1.99,2.28,3.25,3.57,0,0,0,0,1000,1000,2.39,3.71,3.20
F2,04/08/14,Brest,Clermont,2,1,H,0,1,A,2,3,4.33,1.85,3,4.75,2,3,3.6,1.9,2.85,3.8,2.02,3.06,4.79,1.91,3,4.2,1.95,3.2,4,2,3.1,4.5,46,2.03,1.95,3.3,3.06,4.8,4.14,34,2.72,2.56,1.55,1.48,20,-0.5,2.05,1.98,1.91,1.85,2.05,3.14,4.58,0,0,0,0,1000,1000,2.39,3.71,3.20
F2,08/08/14,Angers,Arles,2,0,H,1,0,H,1.95,3,4.5,1.95,3.2,4,2,3,3.6,1.85,2.9,4,1.99,3.21,4.72,2,3.1,3.8,1.95,3.13,4,2,3.12,4.75,47,2,1.95,3.25,3.1,4.9,4.2,35,2.46,2.35,1.64,1.56,22,-0.5,2,1.95,1.95,1.89,2.01,3.25,4.53,0,1,1,1,950,1000,2.49,3.72,3.03
F2,08/08/14,Clermont,Auxerre,1,1,D,1,1,D,2.5,2.9,3.1,2.4,3,3,2.2,3,3.1,2.35,2.8,2.9,2.66,3.02,3.14,2.3,3.1,3,2.5,3,2.88,2.63,3.1,3,47,2.8,2.5,3.2,2.97,3.2,2.96,37,2.4,2.29,1.67,1.59,23,0,1.83,1.76,2.14,2.08,2.36,3.03,3.69,0,3,1,1,950,1050,2.76,3.97,2.60
F2,08/08/14,Creteil,Chateauroux,3,0,H,0,0,D,1.7,3.4,5.5,1.67,3.5,5,1.75,3.1,4.5,1.61,3.3,5,1.68,3.74,6.16,1.65,3.6,4.8,1.67,3.5,5.25,1.67,3.6,6,47,1.75,1.64,3.8,3.53,6.24,5.48,44,1.99,1.92,1.95,1.86,20,-0.75,1.89,1.85,2.06,1.99,1.66,3.9,5.96,0,0,1,1,950,930,2.46,3.70,3.09
F2,08/08/14,Dijon,Laval,1,0,H,0,0,D,1.75,3.3,5.25,1.75,3.3,4.75,1.8,3.1,4.2,1.72,3.1,4.33,1.79,3.47,5.63,1.8,3.3,4.33,1.73,3.4,4.8,1.83,3.3,5.2,47,1.82,1.75,3.55,3.34,5.9,4.92,43,2.15,2.05,1.82,1.75,20,-0.75,2.05,2.01,1.88,1.84,1.77,3.55,5.58,1,1,1,1,1000,1000,2.39,3.71,3.20
F2,08/08/14,Le Havre,Ajaccio GFCO,1,1,D,0,0,D,2,3,4.33,2,3.1,3.9,2,3,3.6,1.95,2.8,3.8,2,3.14,4.83,2,3.1,3.8,1.95,3.13,4,2,3.12,4.5,42,2.06,1.97,3.2,3.09,5,4.19,31,2.5,2.36,1.64,1.55,21,-0.5,2.02,1.97,1.92,1.87,2.26,3.09,3.89,0,3,1,1,950,1050,2.87,4.14,2.44
F2,08/08/14,Niort,Brest,0,0,D,0,0,D,2.05,3.1,4,1.9,3.2,4.2,2,3,3.6,1.9,2.9,3.8,2.12,3.03,4.43,1.95,3.1,4,2.05,3.13,3.8,2.15,3,4.2,45,2.16,2.04,3.2,3.04,4.5,3.92,33,2.68,2.52,1.55,1.49,19,-0.5,2.16,2.08,1.81,1.78,2.17,3.12,4.09,1,3,1,1,1000,1050,2.53,3.73,2.96
F2,08/08/14,Orleans,Nancy,0,1,A,0,1,A,2.38,3,3.2,2.3,3.1,3.1,2.3,3,2.9,2.2,2.8,3.1,2.51,3.02,3.38,2.2,3,3.3,2.38,3,3.13,2.45,3,3.4,44,2.56,2.37,3.2,3,3.38,3.12,34,2.58,2.35,1.64,1.55,21,0,1.72,1.68,2.29,2.19,2.29,3.18,3.63,3,1,1,1,1070,1000,2.28,3.81,3.33
F2,08/08/14,Troyes,Tours,1,0,H,0,0,D,1.7,3.4,5.5,1.8,3.3,4.6,1.8,3.1,4.2,1.65,3.25,4.8,1.76,3.63,5.51,1.67,3.6,4.8,1.73,3.4,5.25,1.67,3.6,6,46,1.8,1.69,3.75,3.42,6,5.19,43,2,1.93,1.94,1.84,20,-0.75,1.95,1.9,2.01,1.94,1.67,3.95,5.8,3,3,1,1,1070,1050,2.46,3.70,3.09
F2,09/08/14,Ajaccio,Sochaux,0,2,A,0,2,A,2.1,3,4,2,3.2,3.75,2.1,3,3.6,2,2.87,3.6,2.16,2.99,4.29,2.05,3.1,3.6,2.05,3.2,3.6,2.1,3.12,4.1,45,2.16,2.07,3.3,3.08,4.33,3.7,35,2.42,2.24,1.68,1.61,19,-0.5,2.16,2.08,1.83,1.78,2.48,3.05,3.41,1,0,1,1,1000,930,2.31,3.77,3.31
F2,09/08/14,Valenciennes,Nimes,2,2,D,1,0,H,2.38,3,3.25,2.2,3.2,3.2,2.2,3,3.1,2.2,2.85,3,2.5,2.95,3.45,2.3,3,3.1,2.3,3.13,3,2.4,3.1,3.3,45,2.5,2.33,3.2,3.03,3.5,3.12,35,2.42,2.27,1.65,1.59,18,-0.25,2.11,2.02,1.87,1.83,2.3,3.1,3.73,0,3,1,1,950,1050,2.76,3.97,2.60
F2,15/08/14,Auxerre,Orleans,0,1,A,0,1,A,2.25,3,3.5,2.2,3,3.4,2.2,3,3.1,2.25,2.8,3.1,2.36,3,3.67,2.2,3,3.3,2.25,3,3.25,2.25,3,3.7,49,2.36,2.26,3.2,2.98,3.73,3.36,36,2.52,2.4,1.6,1.54,23,-0.25,1.99,1.94,1.96,1.9,2.77,2.94,3.05,4,3,2,2,1050,995,2.26,3.86,3.35
F2,15/08/14,Chateauroux,Clermont,3,2,H,0,1,A,2.8,2.88,2.8,2.8,2.95,2.6,2.6,3,2.6,2.62,2.75,2.55,2.8,2.96,2.98,2.7,3,2.6,2.63,3,2.75,2.8,3,2.8,50,2.95,2.72,3.1,2.95,2.94,2.72,37,2.62,2.39,1.6,1.54,25,0,1.96,1.89,2,1.93,2.91,2.85,3.02,0,1,2,2,884,950,2.66,3.85,2.75
F2,15/08/14,Laval,Creteil,1,1,D,0,0,D,2.38,3.1,3.1,2.3,3.1,3.1,2.25,3,3,2.25,2.87,2.9,2.5,3.1,3.34,2.15,3.2,3.2,2.38,3,3,2.4,3.2,3.12,50,2.58,2.36,3.2,3.05,3.4,3.1,45,2.12,2.03,1.85,1.75,22,-0.25,2.13,2.08,1.83,1.79,2.69,3.02,3.11,1,3,2,2,950,996,2.57,3.76,2.90
F2,15/08/14,Nancy,Arles,1,1,D,0,0,D,1.8,3.25,5,1.72,3.5,4.75,1.75,3.1,4.5,1.75,3,4.5,1.74,3.44,6.3,1.75,3.25,4.75,1.73,3.3,5,1.8,3.3,5.25,50,1.8,1.72,3.55,3.3,6.3,5.27,41,2.45,2.3,1.7,1.59,20,-0.75,1.97,1.92,1.98,1.92,1.79,3.43,5.72,4,1,2,2,1075,950,2.16,4.29,3.29
F2,15/08/14,Nimes,Dijon,2,2,D,1,1,D,2.25,3,3.5,2.25,3,3.3,2.3,3,2.9,2.15,2.9,3.1,2.26,3.14,3.72,2.2,3.1,3.2,2.2,3,3.4,2.3,3.1,3.4,50,2.35,2.25,3.25,3.05,3.71,3.33,45,2.25,2.14,1.75,1.68,22,-0.25,1.99,1.93,1.97,1.91,2.64,3.04,3.13,4,4,2,2,1050,1050,2.34,3.74,3.28
F2,15/08/14,Niort,Le Havre,1,0,H,1,0,H,2.1,3.1,3.75,2.1,3.1,3.5,2.1,3,3.3,2.1,2.85,3.3,2.28,3.1,3.81,2.05,3.1,3.6,2.1,3.13,3.5,2.2,3,3.8,50,2.3,2.17,3.15,3.01,4.1,3.57,37,2.63,2.43,1.57,1.52,22,-0.5,2.28,2.21,1.72,1.68,2.07,3.4,4.03,2,1,2,2,1000,950,2.24,3.92,3.35
F2,15/08/14,Tours,Valenciennes,1,0,H,1,0,H,1.95,3.25,4,2,3.25,3.7,2,3,3.6,1.95,2.9,3.6,1.98,3.38,4.45,2,3.3,3.5,2,3.25,3.8,2,3.3,4,49,2,1.94,3.5,3.27,4.5,3.96,45,2.02,1.93,1.97,1.85,24,-0.5,2,1.94,1.95,1.9,1.92,3.51,4.55,3,1,2,2,998,950,2.14,4.42,3.26
F2,16/08/14,Brest,Angers,0,0,D,0,0,D,2.2,3,3.6,2.3,3,3.2,2.2,3,3.1,2.1,2.75,3.4,2.3,2.97,3.89,2.2,3,3.3,2.2,3.13,3.3,2.2,3,3.75,47,2.3,2.21,3.2,3,4.02,3.44,36,2.61,2.45,1.6,1.51,19,-0.25,1.95,1.87,2.04,1.96,2.27,3.19,3.67,4,3,2,2,1050,1000,2.28,3.81,3.33
F2,18/08/14,Ajaccio GFCO,Ajaccio,0,2,A,0,2,A,2.3,3,3.4,2.35,3.1,3,2.3,3,2.9,,,,2.33,3.09,3.62,2.3,3,3.1,2.2,3.13,3.3,2.3,3,3.5,44,2.5,2.25,3.2,3.04,3.62,3.3,34,2.62,2.41,1.6,1.53,19,-0.25,1.99,1.93,1.96,1.9,2.15,3.04,4.22,4,1,2,2,1050,930,2.11,4.75,3.16
F2,18/08/14,Sochaux,Troyes,0,2,A,0,1,A,3,2.88,2.6,2.8,2.95,2.6,2.6,3,2.6,2.8,2.75,2.45,2.98,3.05,2.73,2.62,3,2.62,2.8,3,2.5,2.9,3,2.62,46,3.1,2.8,3.13,2.98,2.73,2.57,35,2.38,2.26,1.7,1.59,22,0,2.06,1.99,1.9,1.83,3.1,3.09,2.67,3,6,2,2,1000,1122,2.71,3.90,2.67
F2,22/08/14,Ajaccio,Tours,1,0,H,0,0,D,2.45,3,3.1,2.35,2.9,3.25,2.3,3,2.9,2.25,2.8,2.9,2.47,3.23,3.22,2.3,3.1,3,2.4,3,3,2.45,3.1,3.1,50,2.52,2.4,3.2,3.06,3.35,3.03,42,2.38,2.18,1.72,1.65,23,0,1.75,1.69,2.28,2.17,2.57,3.1,3.19,4,6,3,3,1004,1046,2.61,3.80,2.82
F2,22/08/14,Angers,Chateauroux,1,1,D,0,1,A,1.65,3.5,5.75,1.6,3.6,5.75,1.55,3.4,5.8,1.61,3.3,5,1.65,3.78,6.49,1.57,3.5,6,1.62,3.5,5.5,1.67,3.5,6,51,1.69,1.62,3.9,3.55,6.6,5.75,46,2.13,2.02,1.87,1.76,25,-1,2.28,2.17,1.78,1.7,1.74,3.39,6.52,4,3,3,3,1000,932,2.13,4.57,3.21
F2,22/08/14,Arles,Sochaux,2,2,D,0,0,D,2.25,3,3.5,2.3,2.95,3.3,2.3,3,2.9,2.25,2.75,3.1,2.32,3.14,3.62,2.3,3,3.1,2.25,3,3.25,2.3,3,3.5,51,2.38,2.29,3.15,3,3.72,3.3,37,2.62,2.4,1.6,1.54,23,-0.25,2,1.95,1.95,1.9,2.41,2.95,3.66,2,3,3,3,950,930,2.57,3.76,2.90
F2,22/08/14,Clermont,Ajaccio GFCO,3,4,A,0,0,D,2.25,3,3.5,2.25,2.85,3.5,2.1,3,3.3,2.2,2.8,3.1,2.35,3.05,3.67,2.3,3,3.1,2.3,3,3.25,2.3,3,3.6,34,2.33,2.27,3.1,2.97,3.65,3.32,26,2.64,2.51,1.54,1.49,17,0,1.65,1.58,2.51,2.33,2.42,2.98,3.62,1,4,3,3,902,976,2.66,3.85,2.75
F2,22/08/14,Creteil,Niort,1,1,D,1,0,H,2.25,3.1,3.4,2.25,3,3.3,2.2,3,3.1,2.15,2.9,3.1,2.3,3.21,3.58,2.2,3.1,3.2,2.25,3,3.3,2.3,3.12,3.4,51,2.4,2.26,3.25,3.07,3.6,3.3,45,2.28,2.13,1.75,1.68,23,-0.25,2,1.94,1.94,1.9,2.34,3.07,3.61,4,5,3,3,996,1048,2.36,3.72,3.24
F2,22/08/14,Nancy,Nimes,0,0,D,0,0,D,1.83,3.25,4.6,1.95,3.2,3.9,1.9,3.1,3.9,1.75,3,4.5,1.88,3.4,5.03,1.83,3.4,4,1.8,3.25,4.5,1.83,3.4,4.8,51,1.93,1.83,3.55,3.3,5.2,4.45,43,2.38,2.21,1.74,1.64,24,-0.5,1.88,1.83,2.07,2.01,1.79,3.5,5.5,5,5,3,3,1075,1050,2.36,3.72,3.24
F2,22/08/14,Orleans,Brest,1,0,H,1,0,H,2.2,3,3.6,2.15,3,3.5,2.1,3,3.3,2.15,2.7,3.3,2.37,3.03,3.65,2.1,3.1,3.4,2.25,3,3.25,2.4,2.88,3.5,49,2.42,2.26,3.15,2.97,3.77,3.41,37,2.84,2.65,1.55,1.45,20,-0.5,2.41,2.3,1.67,1.63,2.41,2.88,3.79,6,5,3,3,1069,1050,2.39,3.71,3.20
F2,22/08/14,Troyes,Laval,0,0,D,0,0,D,1.55,3.7,6.5,1.53,3.8,6.25,1.5,3.5,6.3,1.5,3.4,6,1.57,4.08,6.99,1.5,3.8,6,1.53,3.75,6,1.57,3.8,6.5,51,1.62,1.54,4.03,3.74,7.2,6.3,46,2.09,1.97,1.92,1.81,26,-1,2.11,2.02,1.92,1.81,1.69,3.71,6.09,9,2,3,3,1192,950,2.03,7.30,2.69
F2,22/08/14,Valenciennes,Le Havre,0,4,A,0,3,A,2.45,3,3.1,2.65,3,2.7,2.5,3,2.7,2.4,2.8,2.8,2.55,3.05,3.27,2.4,3.1,2.8,2.4,3,3,2.45,3,3.2,51,2.65,2.43,3.1,2.99,3.34,3.05,43,2.42,2.29,1.65,1.59,25,0,1.75,1.7,2.28,2.16,2.47,2.97,3.53,1,1,3,3,902,902,2.36,3.72,3.24
F2,23/08/14,Dijon,Auxerre,1,0,H,1,0,H,1.65,3.5,5.75,1.72,3.5,4.75,1.7,3.3,4.5,1.66,3,5,1.71,3.5,6.21,1.62,3.4,5.5,,,,1.67,3.5,6,48,1.73,1.67,3.65,3.41,6.4,5.37,39,2.38,2.2,1.7,1.63,20,-0.75,1.95,1.89,2.01,1.95,1.78,3.44,5.77,5,4,3,3,1050,976,2.31,3.77,3.31
F2,29/08/14,Ajaccio GFCO,Troyes,0,4,A,0,3,A,2.8,3,2.7,2.7,2.9,2.75,2.6,3,2.6,2.7,2.9,2.65,2.87,3.01,2.9,2.8,3,2.5,2.75,3,2.63,2.88,3,2.8,48,2.9,2.75,3.1,2.99,2.88,2.68,36,2.51,2.38,1.63,1.54,24,0,1.97,1.91,2,1.91,2.97,2.93,2.88,7,10,4,4,1039,1192,2.99,4.38,2.29
F2,29/08/14,Auxerre,Valenciennes,1,2,A,0,1,A,2,3.2,4,2,3,4,2.05,3,3.5,2,3,4,2.11,3.16,4.27,2,3.1,3.8,2,3.13,3.8,2.1,3.1,4.1,49,2.16,2.06,3.2,3.09,4.3,3.82,37,2.59,2.44,1.6,1.52,22,-0.5,2.18,2.09,1.82,1.76,2.4,3.1,3.5,4,1,4,4,927,839,2.05,6.21,2.84
F2,29/08/14,Chateauroux,Orleans,0,0,D,0,0,D,3,3,2.5,2.85,3,2.5,2.7,3,2.5,2.9,2.87,2.5,3.07,2.97,2.75,2.9,2.9,2.5,2.8,3,2.5,3.1,3,2.62,50,3.15,2.89,3.1,2.96,2.72,2.56,37,2.67,2.52,1.55,1.49,25,0,2.11,2.01,1.86,1.82,3.22,2.83,2.77,4,9,4,4,932,1121,3.30,5.11,1.99
F2,29/08/14,Laval,Ajaccio,0,0,D,0,0,D,2.25,2.9,3.6,2.3,3.1,3.1,2.3,3,2.9,2.2,2.9,3.5,2.39,3,3.66,2.3,2.9,3.2,2.25,3,3.25,2.3,3.12,3.5,50,2.39,2.28,3.11,2.99,3.8,3.34,42,2.5,2.32,1.65,1.58,22,-0.25,2,1.95,1.95,1.89,2.33,2.87,3.99,3,7,4,4,950,1056,2.87,4.14,2.44
F2,29/08/14,Le Havre,Creteil,1,1,D,1,1,D,1.95,3.2,4.2,1.91,3.2,4.1,2.1,3,3.3,1.9,3,4.3,1.98,3.34,4.55,1.91,3.2,4,1.95,3.13,4,1.95,3.3,4.33,50,2.1,1.93,3.5,3.2,4.9,4.13,43,2.31,2.19,1.74,1.64,23,-0.5,1.98,1.94,1.96,1.9,1.88,3.33,5.23,4,5,4,4,965,996,2.36,3.72,3.24
F2,29/08/14,Nimes,Arles,2,2,D,1,1,D,1.95,3.1,4.33,1.95,3.2,4,2,3.1,3.4,1.95,3.1,3.9,2.03,3.21,4.54,2,3.2,3.6,2,3.13,3.8,2,3.3,4.2,50,2.11,2,3.34,3.16,4.6,3.87,43,2.2,2.1,1.82,1.71,23,-0.5,2.11,2.02,1.88,1.82,2.23,3.1,3.92,6,3,4,4,1050,950,2.18,4.18,3.32
F2,29/08/14,Niort,Clermont,0,0,D,0,0,D,1.91,3.2,4.33,1.87,3.2,4.25,1.9,3,4,1.85,3.1,4.33,1.88,3.27,5.35,1.83,3.2,4.2,1.83,3.25,4.33,1.91,3.3,4.6,50,1.95,1.86,3.4,3.2,5.4,4.45,42,2.4,2.3,1.67,1.59,23,-0.5,1.94,1.87,2.02,1.97,1.93,3.17,5.24,6,1,4,4,1048,839,2.06,5.81,2.92
F2,29/08/14,Sochaux,Dijon,0,1,A,0,0,D,2.38,3,3.25,2.4,3.1,2.9,2.4,3,2.8,2.35,2.9,3.2,2.39,3.1,3.5,2.38,3,2.9,2.38,3,3,2.45,3.1,3.3,50,2.47,2.37,3.2,3.04,3.44,3.11,42,2.43,2.3,1.66,1.59,22,-0.25,2.06,2.01,1.89,1.84,2.97,3.07,2.77,4,8,4,4,930,1099,2.87,4.14,2.44
F2,30/08/14,Tours,Angers,1,2,A,1,0,H,2.2,3.1,3.5,2.15,3.1,3.4,2.2,3,3.1,2.15,3,3.5,2.28,3.07,3.77,2.15,3.1,3.3,2.2,3.13,3.3,2.2,3.2,3.6,48,2.3,2.18,3.2,3.08,3.77,3.38,43,2.25,2.14,1.78,1.68,19,-0.25,1.92,1.88,2.02,1.96,2.39,3,3.67,6,5,4,4,994,1000,2.28,3.81,3.33
F2,01/09/14,Brest,Nancy,2,0,H,1,0,H,2.3,3,3.4,2.4,3.1,2.95,2.3,3,2.9,2.25,2.8,3,2.37,3.02,3.6,2.3,3,3.1,2.25,3,3.25,2.38,3,3.4,43,2.45,2.28,3.1,2.99,3.6,3.26,33,2.52,2.37,1.61,1.54,15,-0.25,2.02,1.98,1.93,1.87,2.32,2.88,3.98,5,6,4,4,998,1075,2.49,3.72,3.03
F2,12/09/14,Ajaccio,Chateauroux,1,1,D,0,1,A,1.73,3.3,5.25,1.8,3.2,4.75,1.9,3.1,3.8,1.75,3.2,5,1.79,3.54,5.43,1.75,3.25,4.75,1.8,3.25,4.8,1.75,3.4,5.5,46,1.9,1.76,3.6,3.34,5.61,4.93,40,2.42,2.3,1.69,1.59,23,-0.75,2.06,2,1.92,1.84,1.79,3.61,5.23,8,5,5,5,1056,932,2.11,4.75,3.16
F2,12/09/14,Angers,Ajaccio GFCO,2,0,H,2,0,H,1.91,3.25,4.2,1.95,3.3,3.8,1.85,3.1,4,1.9,3.1,4.1,2,3.11,4.91,1.91,3.2,4,1.91,3.2,4,2,3.25,4.33,46,2,1.93,3.3,3.17,4.95,4.24,40,2.42,2.33,1.65,1.57,23,-0.5,1.99,1.93,1.97,1.9,2.02,3.09,4.85,8,7,5,5,1070,966,2.16,4.29,3.29
F2,12/09/14,Arles,Tours,1,0,H,1,0,H,2.5,3,3,2.4,2.85,3.2,2.4,3,2.8,2.45,2.9,2.9,2.53,2.97,3.39,2.38,3,3,2.4,3,3,2.55,3,3.12,46,2.53,2.44,3.11,3,3.4,3.05,43,2.38,2.21,1.74,1.63,23,-0.25,2.15,2.08,1.83,1.78,2.43,3.06,3.49,4,6,5,5,950,924,2.39,3.71,3.20
F2,12/09/14,Clermont,Le Havre,1,0,H,0,0,D,2.65,2.9,2.9,2.6,2.85,2.9,2.2,3,3.1,2.7,2.8,2.75,2.76,3.14,2.9,2.38,3,3,2.6,3,2.88,2.75,3,2.9,46,2.78,2.61,3.15,2.99,3.1,2.84,40,2.5,2.35,1.65,1.56,26,0,1.94,1.85,2.1,1.97,2.46,3.25,3.21,2,5,5,5,839,965,3.06,4.52,2.21
F2,12/09/14,Dijon,Niort,1,0,H,0,0,D,1.91,3.2,4.33,1.91,3.1,4.25,1.85,3.1,4,1.95,3,4.2,1.95,3.18,5.04,1.85,3.2,4.2,1.9,3.25,4.33,2,3.2,4.5,46,2,1.91,3.4,3.2,5.04,4.29,40,2.5,2.34,1.63,1.56,23,-0.5,1.98,1.91,1.97,1.92,2.02,3.1,4.79,11,7,5,5,1164,1048,2.14,4.42,3.26
F2,12/09/14,Nimes,Brest,0,0,D,0,0,D,2.45,3,3.1,2.3,2.9,3.3,2.2,3,3.1,2.4,2.9,3,2.53,2.98,3.4,2.3,3,3.1,2.38,3,3.13,2.55,3,3.2,46,2.54,2.38,3.1,2.98,3.47,3.18,40,2.62,2.35,1.65,1.56,22,-0.25,2.13,2.07,1.84,1.79,2.53,3.07,3.3,7,8,5,5,1050,1052,2.46,3.70,3.09
F2,12/09/14,Orleans,Laval,1,1,D,0,1,A,1.95,3.2,4.2,1.85,3.3,4.25,1.8,3.1,4.2,1.9,3.1,4.1,2.01,3.05,4.98,1.85,3.2,4.2,1.91,3.2,4,2,3.2,4.33,46,2.02,1.94,3.3,3.12,4.9,4.28,35,2.67,2.47,1.57,1.51,23,-0.5,2.01,1.96,1.92,1.87,2.06,3.07,4.67,10,4,5,5,1121,950,2.10,4.95,3.11
F2,12/09/14,Valenciennes,Creteil,1,1,D,1,1,D,2.1,3.1,3.75,2.05,3.1,3.7,2.1,3.05,3.25,2.15,3,3.5,2.2,3.12,3.99,2.2,3.1,3.2,2.1,3.13,3.5,2.2,3.2,3.7,46,2.2,2.14,3.25,3.12,4.05,3.55,43,2.15,2.05,1.84,1.74,23,-0.25,1.87,1.83,2.06,2.01,2.1,3.21,4.2,4,6,5,5,904,996,3.06,4.52,2.21
F2,13/09/14,Nancy,Sochaux,1,1,D,1,0,H,1.8,3.3,4.75,1.78,3.25,4.75,1.9,3.1,3.8,1.8,3.1,4.6,1.9,3.3,4.95,1.8,3.25,4.33,1.83,3.25,4.33,1.87,3.3,5,44,1.91,1.84,3.4,3.26,5,4.41,35,2.32,2.23,1.7,1.61,21,-0.5,1.92,1.86,2.06,1.98,1.97,3.25,4.78,6,4,5,5,1021,865,2.31,3.77,3.31
F2,15/09/14,Troyes,Auxerre,1,2,A,0,1,A,1.62,3.6,6,1.5,4.1,6,1.6,3.4,5.2,1.57,3.5,5.75,1.59,3.85,7.16,1.53,3.6,6,1.53,3.75,6,1.6,3.8,6.5,43,1.62,1.56,4.1,3.67,7.16,6.15,40,2.09,2,1.9,1.77,25,-1,2.13,2.04,1.9,1.79,1.67,3.57,6.86,13,4,5,5,1265,862,1.98,-26.77,1.88
F2,19/09/14,Ajaccio GFCO,Dijon,2,0,H,2,0,H,2.88,3,2.63,2.9,2.85,2.6,2.9,3,2.3,2.85,2.87,2.55,3.07,2.95,2.78,2.8,2.88,2.6,,,,3,3,2.7,48,3.11,2.86,3.1,2.95,2.82,2.6,40,2.5,2.35,1.66,1.57,26,0,2.08,2.01,1.88,1.82,3.15,2.88,2.82,7,14,6,6,918,1216,4.91,17.87,1.35
F2,19/09/14,Auxerre,Ajaccio,1,1,D,1,1,D,2.25,3.1,3.4,2.35,3.1,3.4,2.2,2.9,3.2,2.3,2.85,3.3,2.21,3.22,3.81,2.25,3.1,3.1,,,,2.25,3.1,3.7,48,2.4,2.22,3.17,3.05,3.85,3.4,41,2.5,2.34,1.67,1.57,23,-0.25,1.94,1.89,2.02,1.95,2.09,3.3,4.1,7,9,6,6,951,1056,2.76,3.97,2.60
F2,19/09/14,Brest,Arles,1,0,H,1,0,H,1.8,3.2,5,1.85,3.2,4.4,2,2.9,3.7,1.8,3,5,1.87,3.12,5.9,1.83,3.1,4.5,,,,1.8,3.2,5.25,48,2,1.81,3.3,3.17,6.13,4.92,37,2.67,2.46,1.58,1.51,23,-0.5,1.86,1.8,2.12,2.05,1.93,3.07,5.47,9,7,6,6,1052,996,2.16,4.29,3.29
F2,19/09/14,Chateauroux,Nancy,2,5,A,0,2,A,3.2,3,2.38,3.1,3,2.6,2.8,2.9,2.5,3.1,2.9,2.35,3.48,2.88,2.56,2.9,3,2.4,,,,3.25,3,2.5,47,3.41,3.08,3.05,2.95,2.6,2.45,36,2.62,2.37,1.63,1.55,24,0,2.25,2.16,1.75,1.7,3.47,2.88,2.57,6,7,6,6,932,1021,2.49,3.72,3.03
F2,19/09/14,Creteil,Clermont,2,2,D,0,1,A,2,3.1,4.2,2,3.25,3.7,2.1,2.9,3.4,2,3,3.8,2.11,3.25,4.13,2,3.2,3.6,,,,2.05,3.25,4.1,48,2.11,2.05,3.31,3.13,4.2,3.78,42,2.38,2.23,1.73,1.63,23,-0.5,2.11,2.05,1.85,1.8,1.87,3.44,4.91,7,5,6,6,996,887,2.18,4.18,3.32
F2,19/09/14,Laval,Angers,3,2,H,1,1,D,2.5,3,3,2.35,3,3.1,2.4,2.9,2.9,2.5,2.85,2.9,2.66,2.91,3.28,2.3,3,3.1,,,,2.6,3,3.1,48,2.63,2.45,3.11,2.95,3.35,3.08,40,2.53,2.41,1.6,1.53,25,-0.25,2.19,2.11,1.79,1.75,2.34,3.2,3.51,5,11,6,6,950,1118,3.22,4.89,2.07
F2,19/09/14,Niort,Valenciennes,3,0,H,1,0,H,1.91,3.1,4.5,1.91,3.1,4.25,2.1,2.9,3.4,1.9,3.1,4.3,1.95,3.25,4.88,1.91,3.3,3.8,,,,1.95,3.3,4.4,48,2.1,1.92,3.31,3.18,4.9,4.23,43,2.35,2.17,1.77,1.66,24,-0.5,1.97,1.92,1.98,1.92,1.79,3.47,5.64,7,5,6,6,996,904,2.09,5.19,3.05
F2,19/09/14,Sochaux,Nimes,2,0,H,1,0,H,1.95,3.1,4.33,1.95,3.25,4.5,2.2,2.8,3.3,2,3,3.9,2,3.26,4.6,1.95,3.2,3.8,,,,2,3.25,4,48,2.2,1.97,3.25,3.14,4.7,4.1,42,2.35,2.25,1.71,1.61,26,-0.5,2.05,1.97,1.92,1.86,1.85,3.37,5.23,5,8,6,6,865,1050,2.49,3.72,3.03
F2,19/09/14,Tours,Orleans,4,3,H,3,2,H,2.1,2.88,4,2.15,3.1,3.9,2.3,3,2.9,2.2,2.9,3.5,2.28,2.97,3.99,2.05,3.1,3.6,,,,2.2,3.1,3.8,48,2.3,2.16,3.2,3.03,3.99,3.59,41,2.5,2.32,1.64,1.57,22,-0.25,1.92,1.87,2.01,1.97,2.3,2.91,4.07,6,11,6,6,878,1121,3.14,4.69,2.14
F2,20/09/14,Le Havre,Troyes,3,2,H,1,1,D,2.75,2.88,2.8,2.8,2.95,2.6,2.6,3,2.6,2.65,2.9,2.7,2.88,2.95,2.91,2.7,3,2.6,,,,2.8,3,2.88,45,2.88,2.71,3.2,2.95,2.91,2.7,36,2.38,2.27,1.65,1.59,26,0,1.96,1.9,1.99,1.91,2.8,2.86,3.14,5,13,6,6,917,1176,3.98,7.79,1.61
F2,22/09/14,Valenciennes,Clermont,2,1,H,0,0,D,2.05,3.1,4,2.05,3.2,3.6,2.1,2.9,3.4,2.1,3,3.6,2.21,3.18,3.87,2.1,3.1,3.4,,,,2.15,3.2,3.8,47,2.22,2.12,3.25,3.12,4,3.58,41,2.42,2.26,1.68,1.61,23,-0.25,1.89,1.83,2.06,2.01,2.43,3.16,3.36,5,6,7,7,859,887,2.81,4.05,2.52
F2,23/09/14,Ajaccio,Le Havre,0,1,A,0,1,A,2.38,3.1,3.1,2.3,3,3.2,2.1,2.9,3.4,2.45,2.85,3,2.53,2.95,3.37,2.25,3,3.2,,,,2.55,3,3.2,45,2.58,2.41,3.1,2.97,3.45,3.11,35,2.55,2.4,1.58,1.53,21,-0.25,2.14,2.11,1.8,1.76,2.76,2.97,3.06,10,8,7,7,1056,976,2.26,3.86,3.35
F2,23/09/14,Angers,Auxerre,0,0,D,0,0,D,2.1,3,4,2,3.2,3.7,1.9,3,4,2.1,3,3.5,2.22,3.12,3.87,2,3.1,3.75,,,,2.2,3.1,3.8,45,2.24,2.11,3.25,3.06,4,3.69,35,2.55,2.41,1.58,1.53,20,-0.25,1.89,1.85,2.04,2,2.03,3.23,4.5,11,8,7,7,1062,951,2.14,4.42,3.26
F2,23/09/14,Arles,Laval,2,3,A,0,3,A,2.3,3.1,3.3,2.3,3,3.2,2.2,2.8,3.3,2.3,2.9,3.2,2.41,2.93,3.66,2.25,3,3.2,,,,2.3,3.1,3.5,45,2.4,2.3,3.25,3.01,3.66,3.28,35,2.5,2.4,1.6,1.53,22,-0.25,2.04,1.98,1.9,1.86,2.41,2.87,3.8,7,8,7,7,946,1006,2.49,3.72,3.03
F2,23/09/14,Dijon,Creteil,2,1,H,1,0,H,1.75,3.4,5,1.83,3.2,4.5,1.7,3.2,4.7,1.75,3.2,4.75,1.84,3.42,5.14,1.8,3.5,4,,,,1.83,3.4,5,45,1.84,1.79,3.55,3.32,5.4,4.7,42,2.2,2.04,1.83,1.75,20,-0.75,2.12,2.05,1.85,1.8,1.84,3.36,5.33,14,8,7,7,1155,996,2.09,5.19,3.05
F2,23/09/14,Nancy,Tours,2,1,H,1,0,H,1.85,3.3,4.5,1.91,3,4.4,1.85,3,4.2,1.85,3.1,4.33,1.9,3.28,4.98,1.91,3.3,3.8,,,,1.9,3.3,4.75,45,1.97,1.88,3.37,3.21,5.3,4.33,42,2.19,2.1,1.8,1.7,21,-0.5,1.96,1.91,1.99,1.93,1.84,3.2,5.85,10,9,7,7,1086,934,2.16,4.29,3.29
F2,23/09/14,Nimes,Chateauroux,1,0,H,1,0,H,1.73,3.5,5,1.85,3.1,4.6,1.75,3.1,4.5,1.83,3.1,4.5,1.82,3.47,5.2,1.8,3.2,4.5,,,,1.83,3.4,5,45,1.94,1.83,3.41,3.25,5.1,4.56,39,2.38,2.2,1.72,1.63,21,-0.5,1.9,1.84,2.05,2,1.79,3.45,5.65,8,6,7,7,998,867,2.18,4.18,3.32
F2,23/09/14,Orleans,Ajaccio GFCO,0,1,A,0,0,D,2.05,3.2,3.8,2.1,3.1,3.5,2,2.9,3.7,2,3,3.9,2.11,3.09,4.33,2,3.1,3.75,,,,2.1,3.2,4,45,2.16,2.04,3.3,3.11,4.28,3.84,35,2.62,2.41,1.62,1.53,21,-0.5,2.12,2.06,1.84,1.8,2.1,2.98,4.67,11,10,7,7,1065,979,2.10,4.95,3.11
F2,23/09/14,Sochaux,Brest,0,0,D,0,0,D,2.1,3.1,3.75,2.15,3.1,3.4,2.1,2.9,3.4,2.2,2.9,3.5,2.25,3.05,3.89,2.1,3,3.6,,,,2.2,3.1,3.75,45,2.25,2.15,3.25,3.06,3.9,3.56,38,2.5,2.27,1.68,1.6,22,-0.25,1.9,1.85,2.04,1.99,2.33,2.98,3.84,8,12,7,7,917,1102,2.81,4.05,2.52
F2,23/09/14,Troyes,Niort,4,1,H,1,0,H,1.8,3.5,4.5,1.85,3.2,4.4,1.85,3,4.2,,,,1.84,3.49,4.98,1.91,3.2,4,,,,1.85,3.5,4.75,45,1.97,1.9,3.49,3.26,4.98,4.15,41,2.38,2.17,1.73,1.65,23,-0.5,1.97,1.9,1.98,1.93,1.93,3.29,4.94,13,10,7,7,1117,1041,2.24,3.92,3.35
F2,26/09/14,Ajaccio GFCO,Nimes,2,0,H,2,0,H,2,3.1,4.1,1.95,3.1,4.1,2.2,3,3.1,2,3,3.8,2.06,3.12,4.47,2.05,3,3.75,,,,2.05,3.12,4.3,47,2.2,2.01,3.2,3.08,4.72,4,40,2.51,2.35,1.63,1.56,25,-0.5,2.06,2.02,1.88,1.82,2.06,3.04,4.74,13,11,8,8,1054,1041,2.26,3.86,3.35
F2,26/09/14,Auxerre,Arles,2,1,H,1,1,D,2,3,4.33,2,3.1,3.9,2,3,3.6,2,3,3.9,2.07,3.11,4.45,2.05,3.1,3.6,,,,2.05,3.12,4.3,47,2.1,2.01,3.25,3.08,4.74,4,39,2.41,2.3,1.65,1.58,24,-0.5,2.07,2,1.89,1.84,2.26,3.03,3.97,9,7,8,8,951,880,2.18,4.18,3.32
F2,26/09/14,Chateauroux,Brest,1,1,D,1,1,D,3.5,2.9,2.3,3.25,2.95,2.3,2.8,3,2.4,3.4,2.85,2.25,3.71,2.92,2.39,3.1,3,2.3,,,,3.5,3,2.38,46,3.62,3.26,3.1,2.94,2.45,2.36,33,2.74,2.54,1.55,1.49,23,0,2.41,2.26,1.7,1.63,3.81,2.91,2.39,6,13,8,8,824,1102,4.13,8.69,1.56
F2,26/09/14,Creteil,Ajaccio,3,2,H,1,0,H,1.95,3.1,4.5,2,3.2,3.7,2,2.9,3.7,1.95,3,4,2.01,3.36,4.24,2.05,3.2,3.5,,,,2.05,3.2,4.2,47,2.15,1.98,3.4,3.18,4.55,3.94,45,2.15,2.01,1.88,1.77,24,-0.5,2.05,2,1.9,1.84,1.93,3.4,4.69,8,10,8,8,946,982,2.71,3.90,2.67
F2,26/09/14,Laval,Nancy,1,1,D,1,1,D,2.2,3,3.5,2.3,3,3.25,2.3,2.9,3,,,,2.37,3.03,3.67,2.38,3.1,2.9,,,,2.38,3.1,3.4,46,2.5,2.35,3.15,3.01,3.67,3.2,41,2.33,2.21,1.7,1.63,23,-0.25,2.1,1.99,1.91,1.85,2.27,3.07,3.87,11,13,8,8,1072,1133,2.46,3.70,3.09
F2,26/09/14,Le Havre,Dijon,1,0,H,1,0,H,2.5,2.9,3.1,2.45,2.9,3.1,2.4,3,2.8,2.4,2.9,3,2.65,2.85,3.36,2.45,3,2.9,,,,2.63,2.9,3.2,47,2.7,2.51,3.05,2.92,3.3,3.01,35,2.5,2.34,1.63,1.56,23,-0.25,2.23,2.14,1.8,1.74,2.62,2.83,3.45,11,17,8,8,1050,1205,2.53,3.73,2.96
F2,26/09/14,Niort,Angers,2,1,H,0,1,A,2,3,4.33,2.05,3,3.9,2.1,3,3.3,2,3,3.9,2.06,3.11,4.52,2,3.2,3.6,,,,2,3.2,4.4,47,2.1,1.99,3.3,3.12,4.87,4.02,41,2.46,2.25,1.67,1.61,24,-0.5,2.06,2,1.9,1.85,2.08,2.98,4.72,10,12,8,8,989,1062,2.43,3.70,3.15
F2,26/09/14,Tours,Sochaux,0,1,A,0,0,D,2.2,3.1,3.5,2.15,3,3.6,2.1,3.1,3.2,2.2,3,3.3,2.3,3.07,3.72,2,3.2,3.6,,,,2.2,3.2,3.6,47,2.3,2.19,3.2,3.1,3.81,3.42,44,2.28,2.12,1.77,1.69,23,-0.25,1.96,1.91,1.98,1.93,2.38,3.04,3.62,9,9,8,8,887,917,2.49,3.72,3.03
F2,26/09/14,Valenciennes,Orleans,2,0,H,0,0,D,2.38,3,3.2,2.4,2.95,3.1,2.3,2.8,3.1,2.4,2.9,3,2.43,3.02,3.48,2.45,3,2.88,,,,2.5,3,3.3,47,2.51,2.39,3.25,2.97,3.54,3.12,36,2.5,2.35,1.63,1.56,23,-0.25,2.07,2.03,1.86,1.82,2.52,2.79,3.69,8,11,8,8,903,990,3.30,5.11,1.99
F2,29/09/14,Clermont,Troyes,1,0,H,1,0,H,3,3,2.5,3,3,2.4,2.8,3,2.4,3,2.9,2.4,3.28,2.99,2.56,2.88,3,2.45,,,,3.12,3.1,2.45,44,3.28,2.99,3.15,3.01,2.6,2.44,37,2.38,2.22,1.7,1.63,22,0,2.23,2.12,1.78,1.72,3.07,3.22,2.57,6,16,8,8,843,1169,5.46,43.79,1.26
F2,03/10/14,Ajaccio,Niort,0,0,D,0,0,D,2.45,3,3.1,2.5,3,2.9,2.6,3,2.6,2.5,2.9,2.85,2.52,3.03,3.35,2.45,3,2.88,,,,2.5,3,3.2,45,2.64,2.44,3.1,2.98,3.36,3.02,41,2.41,2.25,1.7,1.61,21,-0.25,2.11,2.06,1.86,1.8,2.4,2.93,3.65,10,13,9,9,933,1042,2.71,3.90,2.67
F2,03/10/14,Angers,Creteil,3,0,H,1,0,H,2.1,3.1,3.8,2.1,3.2,3.4,2.05,3,3.55,2.05,3.2,3.5,2.18,3.22,3.91,2.1,3.1,3.4,,,,2.15,3.3,3.7,45,2.2,2.09,3.32,3.16,3.9,3.56,43,2,1.91,1.98,1.86,21,-0.5,2.18,2.1,1.82,1.76,2.19,3.09,4.02,12,11,9,9,1009,995,2.22,3.99,3.35
F2,03/10/14,Arles,Chateauroux,0,1,A,0,1,A,1.7,3.2,6,1.75,3.25,5,,,,1.7,3.2,5.5,1.78,3.4,5.99,1.73,3.2,5,,,,1.73,3.4,6,45,1.95,1.71,3.4,3.27,6.44,5.37,39,2.5,2.27,1.72,1.6,21,-0.75,1.99,1.95,1.97,1.9,1.75,3.24,7.02,7,7,9,9,836,824,2.20,4.08,3.34
F2,03/10/14,Dijon,Clermont,1,0,H,1,0,H,1.67,3.4,5.75,1.72,3.2,5.25,1.7,3.2,4.7,1.66,3.25,5.25,1.74,3.4,6.4,1.73,3.4,4.6,,,,1.7,3.4,6.25,45,1.75,1.69,3.5,3.38,6.62,5.37,42,2.25,2.13,1.78,1.68,22,-1,2.38,2.27,1.71,1.64,1.75,3.12,7.52,17,9,9,9,1145,901,2.04,6.70,2.77
F2,03/10/14,Nancy,Ajaccio GFCO,1,0,H,1,0,H,1.85,3.25,4.6,2,3,4,2,3,3.6,1.9,3,4.33,1.93,3.1,5.37,1.95,3.2,3.8,,,,1.92,3.2,4.8,44,2,1.89,3.3,3.11,5.44,4.46,34,2.76,2.51,1.57,1.49,23,-0.5,1.95,1.9,1.99,1.93,2.05,3.16,4.51,14,16,9,9,1133,1106,2.18,4.18,3.32
F2,03/10/14,Nimes,Laval,0,0,D,0,0,D,2.5,3,3,2.35,2.95,3.2,2.3,3,2.9,2.45,2.85,3,2.6,2.98,3.27,2.38,3,3,,,,2.6,3,3.12,44,2.58,2.45,3.1,2.98,3.31,3.02,39,2.38,2.22,1.72,1.62,22,-0.25,2.18,2.11,1.8,1.76,2.73,2.99,3.07,11,12,9,9,989,1072,2.87,4.14,2.44
F2,03/10/14,Orleans,Le Havre,2,2,D,0,1,A,2.5,2.88,3.1,2.55,2.8,3,2.7,3,2.5,2.45,2.8,3,2.59,2.94,3.35,2.5,2.8,3,,,,2.55,2.9,3.3,45,2.7,2.51,3,2.87,3.32,3.04,33,2.67,2.54,1.54,1.48,22,-0.25,2.2,2.13,1.81,1.75,2.42,2.81,3.9,11,14,9,9,940,1110,3.60,6.07,1.79
F2,03/10/14,Sochaux,Auxerre,0,0,D,0,0,D,1.91,3.1,4.5,1.95,3.1,4.1,2.1,3,3.3,1.95,3,4.1,2,3.11,4.86,1.91,3.2,4,,,,1.95,3.2,4.6,44,2.1,1.95,3.21,3.1,4.91,4.15,34,2.56,2.44,1.58,1.52,22,-0.5,2.01,1.96,1.95,1.88,2.2,3.18,3.89,12,12,9,9,979,995,2.36,3.72,3.24
F2,04/10/14,Troyes,Valenciennes,0,0,D,0,0,D,1.57,3.6,6.5,1.6,3.6,5.75,1.65,3.3,4.9,1.57,3.5,6,1.62,3.73,6.87,1.57,3.5,6,,,,1.62,3.75,6.5,43,1.65,1.57,3.8,3.63,6.9,5.96,40,2.13,2.02,1.83,1.75,23,-1,2.14,2.07,1.84,1.77,1.63,3.76,7.11,16,11,9,9,1111,953,2.02,9.03,2.54
F2,06/10/14,Brest,Tours,2,0,H,1,0,H,1.91,3.4,4,2,2.9,4.33,1.85,3,4.2,1.95,3,4,2,3.1,4.85,1.91,3.2,4,,,,2,3.3,4.2,43,2,1.92,3.4,3.17,4.85,4.14,32,2.5,2.34,1.6,1.55,20,-0.5,1.99,1.92,1.97,1.91,1.67,3.49,7.01,14,9,9,9,1102,825,1.99,29.08,2.16
F2,17/10/14,Ajaccio GFCO,Arles,3,1,H,3,1,H,2.05,3,4.1,2,2.95,4.1,2,2.9,3.7,2.05,3,3.8,2.19,2.93,4.41,1.95,3.1,4,,,,2.1,3.1,4.1,45,2.23,2.08,3.2,3.01,4.4,3.86,39,2.55,2.4,1.61,1.54,22,-0.5,2.21,2.13,1.79,1.73,2.03,3,5.03,16,7,10,10,1051,777,2.09,5.19,3.05
F2,17/10/14,Auxerre,Nancy,2,2,D,1,1,D,2.38,3,3.25,2.3,3.1,3.1,2.3,2.8,3.1,2.35,2.9,3.2,2.49,3.02,3.42,2.3,3,3.1,,,,2.5,3,3.3,46,2.52,2.37,3.1,2.98,3.45,3.17,38,2.54,2.37,1.62,1.55,23,-0.25,2.12,2.05,1.84,1.8,2.64,3.02,3.18,13,17,10,10,995,1188,2.71,3.90,2.67
F2,17/10/14,Chateauroux,Sochaux,1,4,A,0,1,A,2.8,3,2.63,2.85,3,2.5,2.9,2.8,2.5,2.8,2.8,2.65,2.97,3,2.81,2.8,3,2.5,,,,2.9,3,2.75,46,3,2.81,3.11,2.96,2.9,2.63,37,2.5,2.37,1.61,1.55,27,0,2.05,1.95,1.96,1.86,2.99,2.91,2.87,10,13,10,10,883,979,3.39,5.38,1.93
F2,17/10/14,Clermont,Ajaccio,1,1,D,1,0,H,1.91,3,4.75,1.9,3.1,4.33,2.1,2.9,3.4,1.9,3.1,4.2,1.95,3.29,4.76,1.95,3.2,3.8,,,,2,3.2,4.4,46,2.1,1.94,3.35,3.12,4.85,4.22,44,2.28,2.14,1.76,1.68,24,-0.5,2,1.95,1.92,1.88,2.05,3.22,4.44,9,11,10,10,856,933,2.46,3.70,3.09
F2,17/10/14,Laval,Brest,2,2,D,0,0,D,2.38,3,3.25,2.5,2.9,3,2.5,2.8,2.9,2.35,2.87,3.2,2.53,2.92,3.48,2.3,3,3.1,,,,2.55,2.9,3.3,46,2.58,2.42,3,2.91,3.45,3.16,39,2.72,2.5,1.6,1.5,22,-0.25,2.14,2.08,1.82,1.78,2.47,2.93,3.57,13,17,10,10,1072,1143,2.53,3.73,2.96
F2,17/10/14,Le Havre,Angers,1,0,H,1,0,H,2.2,2.9,3.75,2.2,3,3.4,2.2,2.8,3.3,2.2,2.87,3.5,2.25,3,4.04,2.05,3.1,3.6,,,,2.25,3.1,3.7,46,2.3,2.19,3.1,2.95,4.08,3.58,38,2.52,2.37,1.63,1.55,23,-0.25,1.92,1.88,2.03,1.96,2.27,2.95,4.08,15,15,10,10,1110,1059,2.24,3.92,3.35
F2,17/10/14,Niort,Orleans,1,1,D,0,0,D,1.95,3.1,4.33,1.85,3.2,4.33,2,2.9,3.7,1.95,3,4.1,1.99,3.2,4.74,2,3.1,3.8,,,,2,3.12,4.5,46,2.02,1.95,3.3,3.12,4.85,4.17,37,2.5,2.35,1.67,1.56,23,-0.5,2.02,1.96,1.92,1.88,2.06,3.05,4.72,14,12,10,10,1042,940,2.06,5.81,2.92
F2,17/10/14,Tours,Nimes,1,2,A,0,0,D,2.2,3,3.6,2.1,3.1,3.6,2.2,2.8,3.3,2.2,2.9,3.4,2.3,2.99,3.9,2.15,3,3.4,,,,2.25,3.1,3.6,46,2.32,2.19,3.1,3,4,3.53,42,2.38,2.23,1.72,1.63,23,-0.25,1.95,1.9,1.99,1.93,2.29,3,3.92,9,12,10,10,784,989,2.46,3.70,3.09
F2,18/10/14,Creteil,Troyes,1,1,D,0,0,D,2.5,3,3,2.6,2.95,2.8,2.6,2.8,2.8,2.5,3,2.8,2.66,3.07,3.03,2.38,3.2,2.8,,,,2.62,3.2,2.9,46,2.68,2.54,3.25,3.03,3.03,2.85,44,2.28,2.06,1.81,1.73,24,0,1.87,1.82,2.08,2.01,2.63,3.25,2.95,11,17,10,10,945,1111,2.99,4.38,2.29
F2,20/10/14,Valenciennes,Dijon,0,3,A,0,1,A,3,3,2.5,2.9,2.8,2.65,2.9,2.8,2.5,2.87,2.9,2.5,3.14,2.93,2.69,3,3,2.38,,,,3.1,3,2.6,40,3.14,2.95,3.25,2.97,2.69,2.49,30,2.44,2.32,1.7,1.57,21,0,2.16,2.06,1.82,1.76,2.79,3.13,2.89,12,20,10,10,953,1190,2.76,3.97,2.60
F2,24/10/14,Ajaccio,Valenciennes,2,1,H,1,1,D,2.1,3.1,3.75,2.15,3.1,3.4,2.2,3,3.1,2.15,3,3.5,2.16,3.04,4.18,2.15,3,3.4,,,,2.15,3.1,3.9,45,2.2,2.07,3.2,3.05,4.45,3.83,40,2.43,2.32,1.65,1.58,24,-0.5,2.14,2.07,1.83,1.78,2.08,3.26,4.22,12,12,11,11,933,886,2.13,4.57,3.21
F2,24/10/14,Angers,Clermont,3,0,H,1,0,H,2,3.1,4.2,2,3.1,3.9,1.9,3,4,2,3,3.9,2.08,3.19,4.25,2,3.1,3.8,,,,2.05,3.12,4.3,45,2.05,1.95,3.39,3.17,4.55,4.08,40,2.5,2.32,1.64,1.58,24,-0.5,2.02,1.96,1.96,1.88,2,3.17,4.8,15,10,11,11,1006,856,2.06,5.81,2.92
F2,24/10/14,Arles,Niort,1,0,H,0,0,D,2.38,2.9,3.3,2.6,2.95,2.8,2.6,3,2.6,2.5,2.8,3,2.53,2.92,3.49,2.5,3,2.8,,,,2.4,3,3.4,45,2.6,2.42,3.05,2.93,3.5,3.14,37,2.51,2.38,1.61,1.55,23,-0.25,2.08,2.03,1.86,1.82,2.72,2.98,3.11,7,15,11,11,738,1042,3.49,5.70,1.86
F2,24/10/14,Brest,Ajaccio GFCO,3,0,H,0,0,D,1.95,3.1,4.33,2,3.1,3.9,2,3.1,3.4,1.95,3,4,2.01,3.08,4.82,1.91,3,4.2,,,,2,3.12,4.5,45,2.04,1.96,3.2,3.1,4.85,4.18,35,2.63,2.49,1.55,1.5,24,-0.5,2.06,1.98,1.93,1.86,2.14,2.94,4.54,18,19,11,11,1143,1090,2.09,5.19,3.05
F2,24/10/14,Chateauroux,Tours,2,1,H,0,1,A,2.63,2.88,3,2.65,2.75,2.95,2.3,3,2.9,2.55,3,2.75,2.72,2.85,3.2,2.6,3,2.7,,,,2.6,3,3.1,45,2.78,2.57,3.05,2.92,3.2,2.92,43,2.15,2.03,1.87,1.76,26,0,1.88,1.8,2.11,2.04,2.71,2.87,3.23,10,9,11,11,821,729,2.16,4.29,3.29
F2,24/10/14,Nimes,Auxerre,0,1,A,0,1,A,2.25,3,3.5,2.25,3.1,3.2,2.25,2.8,3.2,2.2,2.9,3.4,2.32,3,3.85,2.25,3.1,3.1,,,,2.25,3.1,3.6,45,2.32,2.23,3.1,3.02,3.8,3.4,41,2.35,2.24,1.7,1.62,24,-0.25,1.97,1.91,1.97,1.92,2.39,2.96,3.71,15,14,11,11,1044,995,2.34,3.74,3.28
F2,24/10/14,Orleans,Creteil,1,1,D,0,0,D,2.1,3.1,3.75,2.2,3.25,3.1,2.15,3,3.2,2.15,2.9,3.6,2.15,3.22,3.95,2.1,3.1,3.4,,,,2.2,3.1,3.8,45,2.22,2.14,3.25,3.09,3.98,3.54,43,2.15,2,1.9,1.78,23,-0.25,1.9,1.85,2.04,1.99,2.08,3.11,4.49,13,12,11,11,940,945,2.36,3.72,3.24
F2,24/10/14,Sochaux,Laval,1,1,D,1,0,H,2.2,3,3.6,2.2,3,3.4,2,3,3.6,2.15,2.9,3.5,2.17,3.01,4.2,2.2,3,3.3,,,,2.2,3.1,3.75,45,2.23,2.15,3.15,3.03,4.2,3.6,38,2.5,2.29,1.68,1.59,23,-0.25,1.88,1.83,2.08,2.01,2.19,2.99,4.29,16,14,11,11,1041,1072,2.22,3.99,3.35
F2,25/10/14,Troyes,Dijon,1,0,H,0,0,D,2.2,3,3.6,2.25,3,3.3,2.2,3,3.1,2.15,3,3.4,2.28,2.97,3.94,2.15,3,3.4,,,,2.2,3.12,3.75,43,2.25,2.16,3.2,3.02,4,3.53,35,2.42,2.28,1.66,1.59,21,-0.25,1.9,1.85,2.07,1.99,2.07,3.23,4.29,18,23,11,11,1111,1257,2.81,4.05,2.52
F2,27/10/14,Nancy,Le Havre,2,1,H,0,1,A,2.1,3,3.9,2.1,3.1,3.5,2,3.1,3.4,2,3,3.8,2.15,3.03,4.23,2.05,3,3.75,,,,2.1,3.12,4.1,42,2.18,2.08,3.25,3.07,4.23,3.73,33,2.5,2.38,1.63,1.55,22,-0.5,2.14,2.09,1.83,1.77,2.04,3.15,4.6,18,18,11,11,1188,1163,2.57,3.76,2.90
F2,31/10/14,Ajaccio GFCO,Chateauroux,1,0,H,1,0,H,1.62,3.4,6.5,1.65,3.4,5.5,1.7,3.2,4.7,1.61,3.3,6,1.68,3.46,7,1.62,3.4,5.5,,,,1.65,3.5,7,46,1.73,1.63,3.65,3.4,7.09,6.03,42,2.38,2.26,1.69,1.61,25,-1,2.35,2.22,1.72,1.66,1.76,3.37,6.25,19,13,12,12,1036,857,2.11,4.75,3.16
F2,31/10/14,Auxerre,Brest,0,3,A,0,1,A,2.45,2.9,3.25,2.45,2.85,3.1,2.3,3,2.9,2.45,2.8,3.1,2.58,2.92,3.39,2.4,2.9,3,,,,2.55,2.9,3.3,46,2.66,2.44,3,2.86,3.45,3.19,36,2.64,2.5,1.59,1.5,24,-0.25,2.14,2.09,1.82,1.77,2.59,2.88,3.43,17,21,12,12,1068,1197,2.87,4.14,2.44
F2,31/10/14,Clermont,Nimes,3,0,H,2,0,H,2,3.1,4.2,2,3.1,3.9,2.1,3,3.3,2,3,4,2.05,3.08,4.7,2,3.2,3.6,,,,2,3.2,4.33,46,2.1,1.98,3.2,3.08,4.94,4.11,41,2.42,2.28,1.68,1.6,25,-0.5,2.03,1.98,1.92,1.86,2.01,3.14,4.75,10,15,12,12,813,971,2.49,3.72,3.03
F2,31/10/14,Creteil,Sochaux,1,2,A,0,0,D,2.15,3.1,3.6,2.2,2.95,3.5,2.15,3,3.2,2.2,2.9,3.4,2.31,3.11,3.68,2.25,2.9,3.3,,,,2.3,3.1,3.5,46,2.35,2.21,3.15,3.01,3.9,3.45,41,2.38,2.28,1.68,1.59,24,-0.25,1.98,1.92,1.97,1.92,2.43,3.1,3.42,13,17,12,12,945,1041,4.48,11.54,1.45
F2,31/10/14,Dijon,Ajaccio,3,0,H,0,0,D,1.67,3.3,6,1.67,3.2,6,1.6,3.4,5.2,1.7,3.2,5.25,1.77,3.38,6.1,1.73,3.3,4.8,,,,1.75,3.4,5.75,46,1.8,1.71,3.5,3.28,6.6,5.48,44,2.2,2.13,1.77,1.69,23,-0.75,2.01,1.96,1.93,1.88,1.85,3.35,5.39,23,15,12,12,1194,977,2.03,7.30,2.69
F2,31/10/14,Laval,Tours,2,1,H,0,0,D,1.83,3.2,4.75,1.9,2.9,4.75,1.8,3,4.4,1.85,3.1,4.25,1.85,3.24,5.68,1.85,3.2,4.2,,,,1.91,3.25,4.8,46,1.93,1.85,3.3,3.15,5.6,4.7,44,2.21,2.12,1.8,1.69,25,-0.5,1.92,1.86,2.04,1.98,1.85,3.18,5.88,15,9,12,12,1072,693,1.98,-17.61,1.81
F2,31/10/14,Le Havre,Arles,2,0,H,0,0,D,1.85,3.2,4.75,1.91,3,4.4,1.8,3,4.4,1.9,3,4.33,1.91,3.19,5.31,1.8,3.2,4.5,,,,1.91,3.25,4.8,46,1.93,1.87,3.25,3.12,5.31,4.59,44,2.38,2.22,1.72,1.63,25,-0.5,1.92,1.88,2.02,1.95,1.96,3.16,4.99,18,10,12,12,1105,790,1.98,-17.61,1.81
F2,31/10/14,Troyes,Orleans,1,0,H,1,0,H,1.73,3.3,5.5,1.75,3.3,4.75,1.7,3.2,4.7,1.7,3.2,5.5,1.74,3.41,6.4,1.73,3.25,4.75,,,,1.73,3.4,6,46,1.75,1.71,3.55,3.33,6.55,5.37,44,2.38,2.23,1.73,1.63,23,-0.75,1.98,1.93,1.96,1.91,1.97,3.13,5.03,21,14,12,12,1174,940,2.05,6.21,2.84
F2,01/11/14,Niort,Nancy,1,4,A,0,2,A,2.1,3,4,2,3.1,3.9,2.15,3,3.2,2.1,2.9,3.7,2.24,3,4.07,2.05,3.1,3.6,,,,2.15,3.1,4,46,2.24,2.12,3.2,3.02,4.1,3.73,36,2.52,2.4,1.65,1.54,21,-0.25,1.88,1.82,2.11,2.03,2.27,3.07,3.85,15,21,12,12,990,1246,2.76,3.97,2.60
F2,03/11/14,Valenciennes,Angers,1,0,H,0,0,D,2.6,2.9,3,2.65,2.95,2.75,2.5,3,2.7,2.55,2.9,2.75,2.71,2.96,3.1,2.6,3,2.7,,,,2.7,3,3,44,2.78,2.58,3.15,2.96,3.1,2.84,40,2.25,2.17,1.77,1.66,23,0,1.89,1.81,2.08,2.02,2.73,3.1,2.97,12,18,12,12,842,1049,3.39,5.38,1.93
F2,07/11/14,Ajaccio,Troyes,2,1,H,0,1,A,2.9,2.9,2.65,2.65,2.95,2.75,2.5,3,2.7,2.85,2.8,2.62,2.94,2.94,2.9,2.6,3.1,2.6,,,,2.88,3.1,2.7,44,2.94,2.77,3.1,2.94,2.9,2.7,43,2.35,2.22,1.7,1.64,21,0,2,1.92,1.95,1.89,3.02,2.96,2.81,15,24,13,13,928,1221,3.39,5.38,1.93
F2,07/11/14,Angers,Dijon,1,0,H,0,0,D,2.38,3,3.2,2.45,2.85,3.1,2.3,3,2.9,2.45,2.85,3,2.58,2.86,3.48,2.38,3,3,,,,2.5,3,3.25,44,2.58,2.43,3.1,2.92,3.55,3.13,35,2.44,2.34,1.63,1.56,24,-0.25,2.13,2.08,1.82,1.78,2.65,2.93,3.26,18,26,13,13,997,1243,2.49,3.72,3.03
F2,07/11/14,Arles,Valenciennes,1,2,A,1,1,D,2.1,3.1,3.75,2.15,3,3.6,2.1,3,3.3,2.1,3,3.6,2.18,2.96,4.39,2,3.2,3.6,,,,2.1,3.2,3.9,44,2.18,2.09,3.2,3.04,4.4,3.78,43,2.26,2.17,1.73,1.66,23,-0.25,1.84,1.78,2.17,2.09,1.99,3.21,4.78,10,15,13,13,750,894,2.61,3.80,2.82
F2,07/11/14,Chateauroux,Laval,1,1,D,0,1,A,3,2.88,2.6,2.8,2.9,2.65,2.7,2.8,2.7,2.9,2.87,2.5,3.21,2.83,2.78,2.8,3,2.5,,,,3.12,2.9,2.7,43,3.21,2.97,3.1,2.88,2.77,2.59,34,2.51,2.37,1.62,1.55,24,0,2.1,2.04,1.83,1.78,2.69,2.97,3.17,13,18,13,13,814,1107,3.06,4.52,2.21
F2,07/11/14,Nimes,Niort,3,2,H,1,2,A,2.38,3,3.2,2.3,2.9,3.3,2.3,3,2.9,2.3,3,3.2,2.5,3.04,3.37,2.2,3.1,3.2,,,,2.45,3.1,3.25,44,2.54,2.36,3.1,2.98,3.41,3.18,42,2.3,2.2,1.73,1.65,24,-0.25,2.11,2.05,1.83,1.8,2.76,3.03,3.03,15,15,13,13,922,921,2.22,3.99,3.35
F2,07/11/14,Orleans,Clermont,2,1,H,2,0,H,2,3.1,4.2,2.05,2.95,4,2,3,3.6,2,3,4,2.07,2.98,4.76,2.05,3.1,3.6,,,,2.05,3.1,4.33,44,2.05,2,3.2,3.04,4.85,4.12,35,2.52,2.37,1.6,1.55,25,-0.5,2.04,1.98,1.92,1.85,2.04,3.05,4.83,14,13,13,13,893,862,2.87,4.14,2.44
F2,07/11/14,Sochaux,Ajaccio GFCO,2,1,H,2,0,H,2,2.9,4.5,2,3,4,2,3,3.6,2.05,2.87,4,2.06,2.89,5.17,2,3.1,3.75,,,,2,3.1,4.6,43,2.05,2,3.1,2.93,5.3,4.35,34,2.79,2.62,1.52,1.46,24,-0.5,2.05,2,1.89,1.84,2.05,2.91,5.06,20,22,13,13,1107,1079,2.09,5.19,3.05
F2,07/11/14,Tours,Auxerre,2,3,A,2,1,H,2.5,2.88,3.2,2.4,2.85,3,2.4,3,2.8,2.4,2.9,3,2.59,2.84,3.48,2.45,3,2.88,,,,2.55,3,3.2,44,2.64,2.47,3,2.88,3.51,3.13,42,2.33,2.19,1.76,1.65,23,-0.25,2.15,2.09,1.82,1.77,2.56,2.91,3.45,9,17,13,13,658,993,3.84,7.09,1.67
F2,08/11/14,Brest,Le Havre,1,0,H,1,0,H,2,3,4.33,2.05,3,3.9,2,3,3.6,2,3,3.9,2.01,3.04,4.89,2,3.1,3.75,,,,2.05,3.12,4.4,43,2.1,2,3.2,3.06,4.89,4.08,34,2.49,2.32,1.65,1.57,24,-0.5,2.04,2,1.91,1.85,2.05,3.12,4.6,24,21,13,13,1272,1145,2.00,15.00,2.31
F2,10/11/14,Nancy,Creteil,3,1,H,1,1,D,1.85,3.4,4.33,1.75,3.3,4.75,1.75,3.1,4.5,1.83,3.2,4.33,1.9,3.39,4.77,1.91,3.3,3.8,,,,1.91,3.4,4.5,42,1.91,1.86,3.6,3.3,5,4.26,40,2.12,1.94,1.92,1.84,22,-0.5,1.92,1.87,2.02,1.96,1.7,3.86,5.68,24,13,13,13,1315,879,1.98,-7.12,1.57
F2,21/11/14,Ajaccio,Angers,1,1,D,0,0,D,2.25,3,3.5,2.3,3,3.25,2.1,2.9,3.4,2.35,2.88,3.1,2.47,2.99,3.44,2.25,3,3.2,,,,2.45,3,3.3,47,2.47,2.31,3.1,2.97,3.65,3.27,41,2.46,2.32,1.65,1.58,24,-0.25,2.08,2.01,1.88,1.84,2.33,3.01,3.79,18,21,14,14,989,1059,2.61,3.80,2.82
F2,21/11/14,Ajaccio GFCO,Laval,1,0,H,0,0,D,2.2,2.88,3.75,2.2,2.95,3.5,2,2.9,3.7,2.15,2.85,3.7,2.27,2.97,4.03,2.05,3,3.75,,,,2.05,3,3.9,47,2.3,2.18,3.1,2.94,4.03,3.63,35,2.61,2.42,1.6,1.53,25,-0.25,1.89,1.86,2.03,1.97,2.16,2.96,4.47,22,19,14,14,1025,1107,2.26,3.86,3.35
F2,21/11/14,Auxerre,Chateauroux,3,1,H,2,0,H,1.7,3.4,5.5,1.75,3.1,5.25,1.85,3,4.2,1.73,3.2,5.2,1.76,3.43,6.11,1.75,3.25,4.75,,,,1.75,3.4,5.2,47,1.85,1.72,3.55,3.31,6.11,5.19,41,2.36,2.26,1.7,1.61,24,-0.75,1.99,1.95,1.95,1.89,1.69,3.53,6.66,20,14,14,14,1039,814,2.06,5.81,2.92
F2,21/11/14,Clermont,Arles,3,1,H,3,1,H,2.1,3,4,2.1,2.85,4,2,2.9,3.7,2.1,3,3.5,2.18,3.14,4,2.05,3.1,3.6,,,,2.2,3.1,3.75,47,2.2,2.09,3.2,3.05,4.3,3.75,42,2.32,2.24,1.71,1.62,24,-0.25,1.85,1.8,2.11,2.05,2.16,3.05,4.25,13,10,14,14,819,698,2.03,8.05,2.62
F2,21/11/14,Creteil,Nimes,2,0,H,2,0,H,1.91,3.2,4.33,2,2.95,4.2,2.1,2.9,3.4,1.95,3.1,3.9,2.02,3.43,4.21,2,3.3,3.5,,,,2.05,3.3,3.9,47,2.1,1.97,3.5,3.22,4.33,3.91,46,2,1.89,1.98,1.88,26,-0.5,2.03,1.98,1.91,1.86,1.74,3.55,5.95,13,18,14,14,835,968,2.66,3.85,2.75
F2,21/11/14,Dijon,Orleans,2,1,H,1,0,H,1.62,3.5,6,1.7,3.25,5.5,1.65,3.3,4.9,1.67,3.3,5.5,1.65,3.61,7.08,1.6,3.5,5.5,,,,1.67,3.5,6,47,1.7,1.63,3.7,3.41,7.09,5.98,40,2.4,2.28,1.68,1.6,24,-0.75,1.88,1.83,2.11,2.02,1.72,3.55,6.15,26,17,14,14,1181,936,1.99,57.67,2.09
F2,21/11/14,Niort,Tours,1,1,D,0,1,A,1.83,3.1,5,1.85,3.1,4.6,1.7,3.3,4.5,1.8,3.2,4.5,1.91,3.24,5.17,1.73,3.4,4.6,,,,1.87,3.4,4.8,47,1.91,1.84,3.4,3.18,5.5,4.64,45,2.28,2.1,1.79,1.71,26,-0.5,1.91,1.86,2.03,1.97,1.73,3.41,6.49,15,9,14,14,875,612,2.04,6.70,2.77
F2,21/11/14,Valenciennes,Brest,0,1,A,0,0,D,2.9,3,2.6,2.75,2.85,2.7,2.5,2.9,2.8,2.75,2.85,2.65,3.05,2.91,2.81,2.7,2.9,2.7,,,,2.9,3,2.75,47,3.05,2.82,3.1,2.92,2.81,2.65,35,2.5,2.37,1.65,1.55,25,0,2.05,1.97,1.88,1.84,2.88,2.95,2.96,18,27,14,14,946,1329,4.30,9.89,1.50
F2,22/11/14,Le Havre,Sochaux,1,1,D,1,1,D,2.2,3,3.6,2.3,3,3.25,2.2,2.9,3.2,2.3,2.85,3.3,2.31,2.98,3.81,2.2,3,3.3,,,,2.38,3,3.5,43,2.38,2.24,3.15,2.96,3.81,3.4,34,2.44,2.33,1.65,1.57,22,-0.25,2.01,1.95,1.96,1.89,2.28,3.04,3.9,21,23,14,14,1088,1161,3.06,4.52,2.21
F2,24/11/14,Troyes,Nancy,1,0,H,0,0,D,2.1,3.1,3.75,2.15,3,3.6,2.2,3,3.1,2.15,2.9,3.6,2.13,3.1,4.18,2,3.2,3.6,,,,2.15,3.2,3.75,42,2.2,2.09,3.35,3.08,4.18,3.67,33,2.38,2.22,1.68,1.63,22,-0.25,1.84,1.81,2.13,2.04,2.08,3.34,4.08,24,27,14,14,1160,1359,3.30,5.11,1.99
F2,28/11/14,Arles,Dijon,0,2,A,0,1,A,3.4,3,2.3,3.1,2.9,2.4,2.8,3,2.4,3.1,2.9,2.3,3.63,2.95,2.43,2.9,3,2.45,,,,3.12,3,2.45,46,3.66,3.2,3.1,2.97,2.45,2.36,36,2.56,2.37,1.65,1.55,23,0.25,1.92,1.86,2.12,1.99,3.56,3.06,2.39,10,29,15,15,663,1228,7.10,-19.79,1.10
F2,28/11/14,Brest,Creteil,2,2,D,0,1,A,1.67,3.6,5.5,1.7,3.6,4.75,1.7,3.2,4.7,1.72,3.25,4.8,1.73,3.62,5.88,1.65,3.5,5,,,,1.73,3.6,5.25,45,1.77,1.69,3.7,3.51,6.1,5.08,42,2.13,2.04,1.82,1.75,24,-0.75,1.96,1.9,2.01,1.92,1.72,3.54,6.15,30,16,15,15,1395,883,2.08,-1.97,0.97
F2,28/11/14,Chateauroux,Niort,0,1,A,0,1,A,3.25,3,2.38,3.1,2.95,2.4,2.6,3,2.6,3.1,3,2.3,3.33,3.01,2.55,3,3.1,2.3,,,,3.12,3.1,2.45,46,3.33,3.07,3.2,3.02,2.6,2.4,44,2.25,2.15,1.78,1.68,23,0.25,1.86,1.8,2.14,2.06,3.38,3.06,2.49,14,16,15,15,773,875,2.26,3.86,3.35
F2,28/11/14,Laval,Auxerre,1,1,D,0,0,D,2.5,3,3,2.4,2.95,3.1,2.2,2.8,3.3,2.55,2.9,2.8,2.7,3.03,3.08,2.3,3.1,3,,,,2.62,3.1,3,46,2.72,2.51,3.15,2.97,3.3,2.95,37,2.51,2.31,1.63,1.57,23,0,1.83,1.78,2.13,2.05,2.85,3.05,2.89,19,23,15,15,1052,1080,2.71,3.90,2.67
F2,28/11/14,Nimes,Le Havre,3,3,D,1,1,D,2.7,3,2.8,2.75,2.9,2.7,2.4,3,2.8,2.6,2.9,2.75,2.96,2.91,2.91,2.5,3,2.8,,,,2.88,3,2.8,46,2.95,2.69,3.1,2.93,2.95,2.77,36,2.67,2.46,1.62,1.51,23,0,1.97,1.89,2,1.92,2.94,2.98,2.87,18,22,15,15,920,1088,2.87,4.14,2.44
F2,28/11/14,Orleans,Ajaccio,1,1,D,1,1,D,2.1,3.2,3.6,2.1,3,3.7,2.15,3,3.2,2.1,2.9,3.75,2.27,3.02,3.94,2,3.1,3.8,,,,2.2,3.1,3.8,46,2.27,2.14,3.25,3.05,3.95,3.6,39,2.46,2.35,1.63,1.56,23,-0.25,1.91,1.85,2.04,1.98,2.33,3.01,3.8,17,19,15,15,889,989,2.49,3.72,3.03
F2,28/11/14,Sochaux,Clermont,1,0,H,0,0,D,1.91,3.25,4.33,1.9,3.1,4.33,1.9,3,4,1.83,3.1,4.5,1.89,3.21,5.41,1.85,3.2,4.2,,,,1.91,3.3,4.4,45,1.91,1.85,3.45,3.2,5.49,4.52,38,2.5,2.37,1.62,1.55,25,-0.5,1.88,1.84,2.06,1.99,2.11,3.2,4.29,24,16,15,15,1161,854,2.02,9.03,2.54
F2,28/11/14,Tours,Ajaccio GFCO,2,1,H,1,0,H,2.38,3,3.25,2.5,2.8,3.1,2.6,3,2.6,2.45,2.8,3.1,2.57,2.95,3.43,2.5,2.9,2.9,,,,2.55,2.9,3.12,45,2.6,2.46,3.05,2.91,3.43,3.09,36,2.86,2.62,1.55,1.46,23,-0.25,2.14,2.08,1.82,1.77,2.55,2.9,3.49,10,25,15,15,612,1080,4.13,8.69,1.56
F2,29/11/14,Angers,Troyes,0,3,A,0,1,A,2.5,3.1,2.9,2.6,3,2.75,2.4,3,2.8,2.55,3,2.75,2.69,2.99,3.09,2.5,3,2.8,,,,2.62,3,2.9,45,2.69,2.53,3.2,3.01,3.13,2.84,35,2.5,2.39,1.62,1.54,21,0,1.88,1.8,2.08,2.01,2.49,2.98,3.47,22,27,15,15,1059,1228,2.31,3.77,3.31
F2,01/12/14,Nancy,Valenciennes,0,1,A,0,0,D,1.67,3.75,5,1.67,3.5,5,1.8,3.1,4.2,1.65,3.3,5.5,1.69,3.63,6.16,1.7,3.4,4.8,,,,1.73,3.6,5.25,42,1.8,1.66,3.85,3.51,6.2,5.24,39,2.28,2.14,1.76,1.68,20,-0.75,1.94,1.88,2,1.95,1.72,3.6,6.03,27,18,15,15,1291,880,1.98,-53.96,1.94
F2,12/12/14,Ajaccio,Nancy,2,0,H,2,0,H,2.5,2.9,3.1,2.65,2.9,2.8,2.6,3,2.6,2.5,2.9,2.9,2.62,3.08,3.14,2.5,3,2.8,,,,2.6,3,3.1,48,2.68,2.52,3.12,2.94,3.15,2.96,43,2.62,2.29,1.68,1.59,27,0,1.81,1.76,2.14,2.07,2.52,3.08,3.29,20,27,16,16,989,1201,2.87,4.14,2.44
F2,12/12/14,Ajaccio GFCO,Auxerre,1,1,D,0,0,D,2.6,2.88,3,2.6,2.85,2.9,2.6,3,2.6,2.5,2.75,3,2.68,3.07,3.06,2.5,2.8,3,,,,2.6,3,3.1,48,2.74,2.54,3.09,2.94,3.1,2.9,37,2.68,2.54,1.59,1.48,26,-0.25,2.2,2.12,1.79,1.74,2.56,3.09,3.21,25,24,16,16,1026,1080,2.49,3.72,3.03
F2,12/12/14,Clermont,Tours,2,2,D,1,1,D,2.05,3,4,2,3,4,1.9,3.1,3.8,2.1,3,3.7,2.11,3.16,4.29,2,3.1,3.75,,,,2.1,3.2,3.9,48,2.12,2.04,3.2,3.08,4.3,3.87,46,2.38,2.27,1.68,1.61,27,-0.5,2.11,2.04,1.85,1.8,2.15,3.16,4.14,16,13,16,16,811,666,2.00,15.00,2.31
F2,12/12/14,Creteil,Arles,2,0,H,0,0,D,1.91,3.2,4.33,1.91,3,4.4,1.9,3.1,3.8,1.9,3.25,3.9,1.93,3.34,4.87,1.91,3.3,3.8,,,,1.91,3.3,4.2,48,1.96,1.88,3.4,3.22,5.1,4.31,47,2,1.94,1.96,1.84,27,-0.5,1.92,1.87,2.06,1.95,1.92,3.31,4.99,17,10,16,16,883,617,2.01,10.35,2.46
F2,12/12/14,Le Havre,Laval,0,1,A,0,0,D,2,3,4.33,2,3,4.1,1.9,3.1,3.8,2,2.87,4.2,2.04,3.08,4.75,1.91,3,4.33,,,,2.05,3.1,4.33,48,2.08,1.98,3.2,3.02,4.75,4.21,38,2.5,2.41,1.6,1.53,27,-0.5,2.06,2,1.88,1.83,2.1,3.03,4.66,23,20,16,16,1088,1052,2.18,4.18,3.32
F2,12/12/14,Niort,Sochaux,0,1,A,0,0,D,2.1,3.1,3.75,2.1,3.1,3.6,2.2,3,3.1,2.1,2.9,3.7,2.15,3.14,4.19,2,3.2,3.6,,,,2.15,3.12,3.75,48,2.2,2.06,3.2,3.07,4.25,3.78,44,2.27,2.17,1.78,1.66,27,-0.5,2.12,2.06,1.83,1.78,1.91,3.44,4.73,19,27,16,16,929,1204,4.91,17.87,1.35
F2,12/12/14,Orleans,Angers,2,3,A,2,3,A,2.1,3,4,2.25,3,3.3,2.3,3,2.9,2.25,2.87,3.4,2.24,2.98,4.13,2.2,3,3.3,,,,2.25,3,3.7,48,2.3,2.19,3.05,2.92,4.13,3.62,38,2.66,2.53,1.57,1.48,25,-0.25,1.89,1.85,2.05,1.99,2.31,2.92,4.02,18,22,16,16,889,985,2.49,3.72,3.03
F2,12/12/14,Valenciennes,Chateauroux,1,0,H,1,0,H,1.75,3.3,5.25,1.78,3.3,4.75,1.75,3.1,4.5,1.8,3.1,4.8,1.78,3.47,5.69,1.73,3.4,4.6,,,,1.8,3.4,5,48,1.82,1.75,3.5,3.32,5.69,4.93,46,2.2,2.1,1.78,1.7,25,-0.75,2.07,2,1.88,1.83,1.78,3.41,5.97,21,14,16,16,970,719,2.00,12.20,2.39
F2,13/12/14,Dijon,Brest,1,0,H,0,0,D,2,3.1,4.2,2,3.1,3.9,2,3,3.6,2,2.9,4,2,3.13,4.76,1.91,3.2,4,,,,2.05,3.1,4.2,46,2.08,1.96,3.2,3.05,4.95,4.18,37,2.61,2.47,1.58,1.5,24,-0.5,2.04,1.97,1.92,1.85,2.25,2.97,4.1,32,31,16,16,1274,1395,2.26,3.86,3.35
F2,15/12/14,Troyes,Nimes,2,0,H,0,0,D,1.53,3.75,7,1.53,3.6,6.75,1.6,3.4,5.2,1.5,3.5,7.5,1.53,3.82,8.69,1.5,3.6,7,,,,1.53,3.8,8,45,1.6,1.51,4.1,3.71,8.69,6.99,41,2.25,2.12,1.81,1.7,28,-1,1.98,1.92,1.96,1.9,1.46,4.35,9.13,30,19,16,16,1302,920,2.00,-3.87,1.32
F2,18/12/14,Sochaux,Angers,1,1,D,0,0,D,2.25,3.1,3.4,2.15,3,3.5,,,,2.15,2.9,3.5,2.37,3.02,3.62,2.15,3,3.4,,,,2.25,3.1,3.6,43,2.37,2.22,3.3,3.05,3.62,3.35,33,2.42,2.32,1.63,1.57,22,-0.25,1.99,1.91,1.98,1.91,2.26,2.96,4.08,30,25,17,17,1269,1047,2.05,6.21,2.84
F2,19/12/14,Auxerre,Niort,1,1,D,0,1,A,2.15,3,3.75,2.25,2.95,3.4,2,3,3.6,2.2,3,3.4,2.3,3.05,3.81,2.1,3.1,3.4,,,,2.25,3.1,3.7,47,2.3,2.17,3.2,3.01,3.87,3.56,42,2.42,2.29,1.67,1.59,25,-0.25,1.93,1.87,2.02,1.96,2.38,3.04,3.64,25,19,17,17,1080,864,2.04,6.70,2.77
F2,19/12/14,Chateauroux,Dijon,1,1,D,0,1,A,4.33,3.2,1.91,4.6,2.9,1.95,3.1,3,2.2,4.1,3,1.95,4.76,3.16,2.01,3.8,3.2,1.95,,,,4.1,3.25,2,47,4.9,4.16,3.3,3.14,2.2,1.94,42,2.38,2.25,1.71,1.61,26,0.5,1.95,1.88,2,1.94,5.33,3.12,1.93,14,35,17,17,683,1344,13.84,-5.60,0.90
F2,19/12/14,Laval,Valenciennes,3,1,H,1,1,D,2.1,3,3.9,2.15,3,3.5,2.3,3,2.9,2.15,2.9,3.5,2.23,3,4.11,2.15,3,3.4,,,,2.25,3.1,3.7,47,2.3,2.15,3.1,3,4.11,3.62,42,2.42,2.31,1.66,1.58,25,-0.25,1.88,1.83,2.06,2,2.38,3.01,3.68,23,24,17,17,1128,1006,2.46,3.70,3.09
F2,19/12/14,Nancy,Clermont,1,2,A,1,2,A,1.6,3.6,6,1.7,3.25,5.5,1.75,3.1,4.5,1.66,3.3,5.25,1.67,3.67,6.55,1.65,3.5,5,,,,1.67,3.7,5.25,47,1.75,1.64,3.75,3.53,6.55,5.49,45,2.2,2.08,1.84,1.72,25,-0.75,1.88,1.84,2.07,1.99,1.72,3.56,6.07,27,17,17,17,1141,811,2.11,4.75,3.16
F2,19/12/14,Nimes,Orleans,0,1,A,0,0,D,2.45,2.9,3.2,2.55,3,2.8,2.3,2.8,3.1,2.45,2.87,3,2.57,2.98,3.33,2.5,2.9,2.9,,,,2.5,3.1,3.12,47,2.58,2.46,3.1,2.95,3.35,3.04,42,2.39,2.28,1.68,1.6,25,-0.25,2.14,2.05,1.85,1.79,2.67,2.94,3.23,19,18,17,17,874,827,2.43,3.70,3.15
F2,19/12/14,Tours,Le Havre,3,2,H,2,1,H,2.55,3,2.9,2.6,2.95,2.8,2.4,3,2.8,2.45,3,2.9,2.68,3.13,3,2.3,3,3.1,,,,2.55,3.1,3.1,47,2.72,2.5,3.13,3.01,3.1,2.92,45,2.3,2.16,1.75,1.66,26,0,1.85,1.78,2.13,2.04,2.86,3.01,2.91,14,23,17,17,666,1012,2.66,3.85,2.75
F2,20/12/14,Ajaccio GFCO,Creteil,2,0,H,1,0,H,2,3.4,3.75,2,3.3,3.6,1.9,3,4,2,3.1,3.7,2.01,3.29,4.38,2,3.2,3.6,,,,2.1,3.2,3.8,47,2.1,1.99,3.4,3.18,4.38,3.79,43,2.16,2.05,1.84,1.73,24,-0.5,2.07,2,1.91,1.83,2.01,3.28,4.56,26,20,17,17,1026,914,2.10,4.95,3.11
F2,20/12/14,Arles,Troyes,0,4,A,0,0,D,3.75,3.1,2.1,3.6,2.9,2.2,3.1,3,2.2,3.6,2.9,2.15,3.98,3.14,2.17,3.25,2.9,2.25,,,,3.7,3.1,2.2,47,4.1,3.59,3.25,3.02,2.25,2.13,37,2.5,2.35,1.65,1.55,23,0.25,2.08,2.02,1.85,1.81,4.2,3.16,2.13,10,33,17,17,586,1348,-12.10,-2.01,0.63
F2,20/12/14,Brest,Ajaccio,2,1,H,1,0,H,1.75,3.3,5.25,1.8,3.25,4.6,1.8,3,4.4,1.75,3.1,5,1.78,3.38,5.77,1.73,3.3,4.8,,,,1.8,3.4,5.2,47,1.81,1.74,3.5,3.3,5.8,4.93,37,2.45,2.34,1.65,1.56,23,-0.75,2.09,2.02,1.88,1.82,1.79,3.24,6.27,31,23,17,17,1325,1049,2.00,15.00,2.31
F2,09/01/15,Ajaccio,Nimes,0,1,A,0,0,D,1.75,3.4,5,1.75,3.4,4.6,1.75,3.1,4.5,1.75,3.1,5,1.76,3.48,5.94,1.73,3.4,4.5,,,,1.75,3.4,5.75,46,1.76,1.72,3.55,3.36,6.1,5.06,41,2.3,2.19,1.71,1.64,24,-0.75,2.01,1.96,1.94,1.87,1.92,3.19,5.26,23,19,18,18,997,813,1.99,29.08,2.16
F2,09/01/15,Angers,Nancy,3,1,H,2,1,H,2.5,3.1,2.9,2.6,2.85,2.9,2.4,3,2.8,2.45,3,2.9,2.69,3.1,3.02,2.5,3,2.8,,,,2.7,3,2.9,46,2.74,2.53,3.2,3.01,3.1,2.86,41,2.42,2.29,1.69,1.59,26,0,1.89,1.82,2.07,2,2.66,2.98,3.18,26,27,18,18,1047,1061,2.06,5.81,2.92
F2,09/01/15,Clermont,Laval,0,0,D,0,0,D,2.1,3,3.9,2.2,2.95,3.5,2.2,3,3.1,2.1,3,3.6,2.2,3.13,3.98,2.15,3,3.4,,,,2.15,3.12,3.9,46,2.24,2.13,3.17,3.03,4.1,3.62,42,2.38,2.19,1.74,1.65,24,-0.25,1.88,1.82,2.09,2.01,2.16,3.02,4.32,20,26,18,18,891,1178,2.53,3.73,2.96
F2,09/01/15,Creteil,Auxerre,2,2,D,2,1,H,2.5,3.2,2.88,2.5,3,2.85,2.4,3,2.8,2.5,3,2.85,2.66,3.12,3.04,2.38,3.2,2.75,,,,2.62,3.2,2.9,46,2.64,2.46,3.21,3.06,3.1,2.91,43,2.13,2.04,1.84,1.75,26,0,1.85,1.77,2.12,2.05,2.51,3.11,3.29,20,26,18,18,868,1080,2.57,3.76,2.90
F2,09/01/15,Dijon,Tours,0,3,A,0,1,A,1.53,3.75,7,1.53,3.7,6.5,1.55,3.5,5.6,1.5,3.6,6.5,1.54,4.04,7.85,1.5,3.75,6.5,,,,1.5,4,8,46,1.55,1.5,4.15,3.83,8,6.73,45,2.01,1.95,1.97,1.83,30,-1,1.97,1.91,2.02,1.91,1.68,3.6,6.51,36,17,18,18,1344,717,2.03,-2.75,1.15
F2,09/01/15,Le Havre,Chateauroux,1,1,D,0,0,D,1.55,3.8,6.5,1.62,3.5,5.5,1.6,3.4,5.2,1.6,3.4,6,1.61,3.83,6.99,1.57,3.5,6,,,,1.57,3.8,7,46,1.63,1.57,3.85,3.6,7.04,6.17,44,2.2,2.11,1.82,1.7,27,-1,2.14,2.06,1.84,1.77,1.65,3.63,6.86,23,15,18,18,961,683,2.03,8.05,2.62
F2,09/01/15,Niort,Ajaccio GFCO,1,1,D,0,1,A,1.91,3.2,4.5,1.9,3.2,4.1,1.85,3.1,4,1.9,3.1,4.2,2.03,3.12,4.7,1.91,3.3,3.8,,,,2.05,3.25,4.1,46,2.07,1.95,3.3,3.14,4.7,4.11,43,2.29,2.14,1.75,1.67,26,-0.5,2.07,1.98,1.91,1.84,2.25,2.98,4.09,20,29,18,18,864,1072,2.61,3.80,2.82
F2,09/01/15,Orleans,Arles,1,1,D,1,0,H,1.91,3.25,4.33,1.95,3,4.25,1.85,3.1,4,1.9,3.1,4.2,1.93,3.18,5.22,1.85,3.2,4.2,,,,1.91,3.25,4.75,46,1.95,1.87,3.4,3.16,5.28,4.47,41,2.38,2.25,1.7,1.61,26,-0.5,1.93,1.88,2.03,1.95,1.9,3.19,5.41,21,10,18,18,888,545,2.00,-3.87,1.32
F2,10/01/15,Troyes,Brest,1,0,H,1,0,H,2,3.2,4,2,3,4,2,3.1,3.4,1.95,3,4.25,2.04,3.1,4.63,2,3.1,3.8,,,,2,3.2,4.4,46,2.1,1.99,3.2,3.09,4.63,3.96,35,2.5,2.36,1.63,1.55,24,-0.5,2.05,1.99,1.89,1.83,2.17,3.05,4.21,36,34,18,18,1389,1377,2.03,7.30,2.69
F2,12/01/15,Valenciennes,Sochaux,1,2,A,1,2,A,2.3,3,3.4,2.35,2.9,3.2,2.2,3,3.1,2.35,2.85,3.25,2.41,3.02,3.53,2.25,3,3.2,,,,2.45,3,3.4,43,2.52,2.32,3.1,2.97,3.53,3.2,33,2.5,2.39,1.63,1.54,22,-0.25,2.07,2,1.89,1.82,2.87,3.02,2.89,24,31,18,18,956,1269,3.60,6.07,1.79
F2,16/01/15,Ajaccio GFCO,Le Havre,1,0,H,0,0,D,2.15,3.1,3.6,2.2,2.9,3.6,2.1,3,3.3,2.1,2.87,3.3,2.29,3.03,3.86,2.15,3,3.4,,,,2.25,3,3.75,48,2.26,2.17,3.2,3.01,3.9,3.52,37,2.52,2.4,1.64,1.53,25,-0.25,1.95,1.88,2.01,1.95,2.27,2.97,4.01,30,24,19,19,1072,961,2.02,9.03,2.54
F2,16/01/15,Arles,Angers,1,3,A,0,0,D,2.6,3,2.88,2.8,2.75,2.8,2.5,3,2.7,2.55,2.8,2.65,2.78,2.99,3.02,2.6,3,2.7,,,,2.75,3,2.88,48,2.85,2.64,3.1,2.95,2.97,2.78,39,2.42,2.31,1.65,1.57,29,0,1.97,1.86,2,1.94,2.98,2.9,2.9,11,29,19,19,545,1100,10.44,-7.50,0.96
F2,16/01/15,Auxerre,Clermont,1,1,D,0,1,A,1.91,3.2,4.33,1.95,3.2,3.9,1.9,3,4,1.85,3,4,1.98,3.09,5.09,1.95,3.1,4,,,,1.92,3.12,4.8,48,2,1.91,3.25,3.09,5.18,4.33,37,2.68,2.47,1.6,1.51,27,-0.5,1.98,1.93,1.96,1.89,2.01,3.07,5,27,21,19,19,1080,891,2.34,3.74,3.28
F2,16/01/15,Brest,Niort,0,0,D,0,0,D,1.91,3.2,4.33,1.9,3.3,4,1.9,3.1,3.8,1.85,2.9,4,1.93,3.17,5.27,1.91,3,4.2,,,,1.95,3.25,4.33,48,1.95,1.87,3.35,3.13,5.16,4.44,37,2.59,2.46,1.58,1.51,27,-0.5,1.93,1.89,2.01,1.94,1.9,3.15,5.48,34,21,19,19,1308,864,1.98,-10.27,1.69
F2,16/01/15,Chateauroux,Creteil,2,2,D,1,1,D,2.75,3,2.75,2.7,2.95,2.7,2.6,3,2.6,2.62,2.9,2.5,2.87,3.05,2.87,2.6,3.1,2.6,,,,2.75,3.1,2.75,48,2.88,2.7,3.14,2.98,2.88,2.68,44,2.33,2.21,1.72,1.64,29,0,2,1.91,1.96,1.89,2.9,2.96,2.92,16,21,19,19,683,868,2.66,3.85,2.75
F2,16/01/15,Laval,Dijon,1,0,H,0,0,D,2.7,3,2.75,2.75,2.9,2.7,2.6,3,2.6,2.55,2.8,2.7,2.91,2.96,2.91,2.7,2.9,2.7,,,,2.8,3,2.8,48,2.9,2.72,3.04,2.92,2.95,2.71,37,2.56,2.4,1.6,1.53,29,0,1.98,1.91,1.97,1.9,2.84,2.91,3.05,27,36,19,19,1178,1250,2.34,3.74,3.28
F2,16/01/15,Nimes,Valenciennes,2,0,H,0,0,D,2.3,3,3.4,2.4,2.95,3.1,2.3,3,2.9,2.37,2.75,2.9,2.37,3.06,3.62,2.4,3,2.9,,,,2.3,3.1,3.5,48,2.45,2.33,3.1,2.98,3.7,3.19,40,2.42,2.29,1.65,1.59,25,-0.25,2.08,1.99,1.9,1.84,2.49,2.96,3.43,22,24,19,19,883,889,2.81,4.05,2.52
F2,16/01/15,Tours,Troyes,0,2,A,0,1,A,3.5,3.2,2.15,3.3,3.1,2.2,2.9,3,2.3,3.1,3,2.1,3.73,3.25,2.23,3.25,3.25,2.1,,,,3.6,3.25,2.2,48,3.93,3.44,3.3,3.15,2.3,2.13,47,2.1,1.95,1.94,1.83,25,0.25,2.09,2.01,1.86,1.82,3.87,3.17,2.23,20,39,19,19,811,1458,4.48,11.54,1.45
F2,17/01/15,Sochaux,Ajaccio,1,1,D,0,0,D,2,3.2,4,2,3.2,3.7,2,3,3.6,1.95,2.87,3.75,2.02,3.3,4.24,2,3.1,3.75,,,,2.05,3.12,4.3,46,2.1,1.99,3.26,3.13,4.35,3.86,37,2.5,2.33,1.7,1.56,25,-0.5,2.08,2.01,1.88,1.81,1.98,3.2,4.84,34,23,19,19,1336,927,1.99,19.67,2.23
F2,19/01/15,Nancy,Orleans,2,2,D,0,1,A,1.91,3.25,4.33,1.9,3.1,4.4,1.85,3.1,4,1.83,3,4.75,1.88,3.22,5.34,1.85,3.2,4.2,,,,1.87,3.3,4.8,45,1.92,1.85,3.35,3.16,5.4,4.45,34,2.43,2.3,1.68,1.58,25,-0.5,1.92,1.86,2.04,1.96,1.85,3.48,5.06,27,22,19,19,1008,888,2.46,3.70,3.09
F2,23/01/15,Ajaccio,Ajaccio GFCO,0,3,A,0,1,A,2.45,3,3.1,2.45,3,3,2.3,2.9,3,,,,2.56,2.91,3.45,2.4,2.9,3,,,,2.5,3,3.3,50,2.56,2.42,3.1,2.9,3.45,3.15,39,2.68,2.51,1.55,1.49,28,0,1.71,1.66,2.32,2.19,3.03,2.83,2.93,24,33,20,20,927,1120,2.46,3.70,3.09
F2,23/01/15,Arles,Nancy,1,0,H,0,0,D,3.4,3.1,2.25,3.2,3,2.3,3.1,3,2.2,3.25,3,2.2,3.61,3.19,2.3,3.2,3,2.25,,,,3.5,3.2,2.3,51,3.66,3.33,3.25,3.07,2.31,2.22,48,2.38,2.19,1.74,1.64,25,0.25,1.98,1.91,1.99,1.92,3.88,3.06,2.27,11,28,20,20,507,1008,3.84,7.09,1.67
F2,23/01/15,Creteil,Laval,1,0,H,0,0,D,2.1,3.2,3.6,2.15,2.95,3.6,2.2,3,3.1,2.15,3,3.4,2.28,3.12,3.77,2.15,3.1,3.3,,,,2.25,3.12,3.6,51,2.27,2.17,3.2,3.03,3.95,3.49,46,2.28,2.16,1.76,1.65,25,-0.25,1.95,1.89,1.99,1.94,2,3.16,4.8,22,30,20,20,868,1240,3.30,5.11,1.99
F2,23/01/15,Dijon,Nimes,4,5,A,2,2,D,1.57,3.4,7.5,1.62,3.5,5.75,1.6,3.4,5.2,1.57,3.4,6.5,1.63,3.89,6.45,1.62,3.5,5.5,,,,1.57,3.8,7,51,1.64,1.58,3.83,3.57,7.5,6.19,46,2.28,2.12,1.77,1.68,29,-1,2.15,2.05,1.84,1.76,1.59,3.77,7.61,36,25,20,20,1188,927,2.00,12.20,2.39
F2,23/01/15,Le Havre,Niort,1,1,D,0,0,D,2.25,3.1,3.3,2.25,3,3.3,2.2,3,3.1,2.35,2.85,3.25,2.4,2.94,3.73,2.25,3,3.2,,,,2.38,3,3.5,51,2.45,2.28,3.1,2.93,3.73,3.37,40,2.64,2.48,1.55,1.5,25,0,1.62,1.58,2.47,2.35,2.7,2.94,3.18,24,22,20,20,913,864,2.22,3.99,3.35
F2,23/01/15,Orleans,Auxerre,0,0,D,0,0,D,2.45,3,3.1,2.45,2.85,3.1,2.3,2.9,3,2.37,2.85,3.2,2.55,2.95,3.4,2.38,2.9,3.1,,,,2.5,3,3.25,51,2.56,2.42,3,2.91,3.45,3.12,40,2.55,2.42,1.58,1.52,28,0,1.74,1.68,2.27,2.17,2.68,2.9,3.25,23,28,20,20,888,1080,2.49,3.72,3.03
F2,24/01/15,Clermont,Chateauroux,3,3,D,1,1,D,1.75,3.4,5,1.78,3.25,4.75,1.8,3.2,4,1.72,3.2,5.2,1.77,3.28,6.27,1.75,3.25,4.75,,,,1.75,3.4,5.5,49,1.8,1.74,3.4,3.25,6.27,5.1,40,2.38,2.24,1.72,1.6,23,-0.5,1.79,1.74,2.18,2.09,1.79,3.32,6.09,22,17,20,20,891,683,2.04,6.70,2.77
F2,24/01/15,Troyes,Sochaux,2,0,H,0,0,D,1.8,3.25,5,1.8,3.2,4.75,1.8,3.2,4,1.8,3.1,5,1.79,3.26,6.02,1.73,3.3,4.6,,,,1.8,3.3,5.5,49,1.83,1.76,3.4,3.22,6.02,4.95,40,2.46,2.26,1.65,1.59,23,-0.5,1.84,1.78,2.14,2.05,1.98,3.09,5.15,42,35,20,20,1515,1336,2.02,9.03,2.54
F2,24/01/15,Valenciennes,Tours,1,2,A,0,2,A,2,3.2,3.9,2.1,3,3.7,2.1,3,3.3,2,2.9,3.9,2.13,3.08,4.25,2,3.2,3.6,,,,2.1,3.2,4,49,2.18,2.05,3.22,3.06,4.35,3.77,42,2.3,2.19,1.7,1.63,23,-0.5,2.15,2.06,1.84,1.76,2.1,3.14,4.31,24,20,20,20,845,754,2.36,3.72,3.24
F2,26/01/15,Angers,Brest,1,2,A,0,1,A,2.38,3.1,3.1,2.5,2.75,3.2,2.3,2.9,3,2.35,2.75,3,2.52,2.97,3.42,2.5,2.9,2.9,,,,2.55,3,3.2,48,2.55,2.42,3.1,2.91,3.5,3.07,38,2.61,2.43,1.63,1.52,24,0,1.76,1.69,2.28,2.15,2.71,3.01,3.09,32,35,20,20,1138,1308,2.16,4.29,3.29
F2,30/01/15,Ajaccio GFCO,Clermont,1,1,D,1,0,H,1.73,3.4,5.25,1.83,3.2,4.5,1.9,3,4,1.8,3.1,4.75,1.84,3.26,5.74,1.83,3.1,4.5,,,,1.8,3.3,5.4,50,1.91,1.78,3.4,3.22,5.8,4.88,43,2.5,2.35,1.64,1.56,25,-0.5,1.85,1.79,2.12,2.06,1.88,3.09,5.97,36,23,21,21,1185,891,1.99,57.67,2.09
F2,30/01/15,Brest,Orleans,1,1,D,1,0,H,1.7,3.3,5.75,1.75,3.4,4.6,1.7,3.2,4.7,1.7,3.2,5.25,1.74,3.31,6.71,1.73,3.3,4.8,,,,1.75,3.25,6.25,50,1.75,1.7,3.45,3.24,6.83,5.61,39,2.78,2.59,1.53,1.47,24,-0.75,2.01,1.96,1.93,1.87,1.85,3.25,5.7,38,24,21,21,1388,888,2.00,12.20,2.39
F2,30/01/15,Chateauroux,Angers,0,1,A,0,0,D,2.88,3,2.63,2.7,3,2.7,2.8,3,2.4,2.75,2.9,2.62,2.92,3.09,2.79,2.6,3,2.7,,,,2.9,3.1,2.7,50,3.06,2.82,3.1,3,2.8,2.58,47,2.24,2.14,1.77,1.67,28,0,2.09,2.01,1.86,1.81,3.31,2.95,2.6,18,32,21,21,683,1058,3.39,5.38,1.93
F2,30/01/15,Laval,Troyes,2,1,H,1,0,H,3.75,2.9,2.2,3.5,2.75,2.35,2.8,3,2.4,3.5,2.85,2.2,3.8,2.97,2.35,3.1,3,2.3,,,,3.7,3,2.3,50,3.82,3.44,3.05,2.93,2.4,2.25,39,2.64,2.44,1.6,1.52,24,0.25,1.98,1.92,1.97,1.91,4.23,2.96,2.21,30,45,21,21,1178,1582,3.72,6.53,1.73
F2,30/01/15,Nimes,Nancy,1,1,D,1,1,D,3,2.9,2.6,2.9,2.85,2.6,2.6,3,2.6,2.87,2.9,2.5,3.15,3.02,2.66,2.8,3,2.5,,,,2.62,3,2.62,50,3.19,2.92,3.1,2.96,2.75,2.52,46,2.38,2.25,1.72,1.61,28,0,2.21,2.08,1.8,1.75,3.29,2.89,2.66,28,28,21,21,1010,958,2.06,5.81,2.92
F2,30/01/15,Niort,Creteil,1,3,A,0,1,A,1.91,3.2,4.33,1.95,3.2,4,2.1,2.9,3.4,1.95,3.1,3.9,2,3.27,4.58,1.91,3.2,4,,,,2,3.25,4.3,50,2.1,1.95,3.3,3.16,4.55,4.04,48,2.3,2.19,1.74,1.65,26,-0.5,2.04,1.97,1.91,1.86,2.03,3.18,4.49,23,25,21,21,864,930,2.49,3.72,3.03
F2,30/01/15,Sochaux,Arles,1,0,H,1,0,H,1.7,3.4,5.5,1.7,3.3,5.25,1.7,3.2,4.7,1.66,3.2,5.5,1.72,3.47,6.35,1.7,3.3,5,,,,1.62,3.4,6.5,50,1.75,1.69,3.55,3.35,6.5,5.41,44,2.38,2.27,1.75,1.6,24,-0.5,1.75,1.69,2.26,2.18,1.7,3.31,7.36,35,14,21,21,1269,557,2.02,-3.23,1.23
F2,30/01/15,Tours,Ajaccio,0,2,A,0,2,A,2.05,3.1,4,2.1,3.1,3.5,2.1,3,3.3,2.05,3,3.7,2.12,3.17,4.19,2.1,3.1,3.4,,,,2.1,3.25,3.9,50,2.15,2.07,3.2,3.09,4.25,3.7,48,2.2,2.11,1.8,1.7,24,-0.25,1.84,1.8,2.14,2.05,2.39,3.13,3.49,23,24,21,21,813,862,2.04,6.70,2.77
F2,31/01/15,Auxerre,Dijon,3,0,H,0,0,D,2.4,3,3.2,2.5,2.9,3,2.2,3,3.1,2.37,2.9,3,2.48,3,3.4,2.38,3,3,,,,2.4,3,3.4,48,2.5,2.38,3.1,2.98,3.4,3.1,38,2.46,2.32,1.62,1.57,24,0,1.72,1.66,2.32,2.21,3.02,2.89,2.87,29,36,21,21,1080,1105,2.34,3.74,3.28
F2,02/02/15,Le Havre,Valenciennes,3,1,H,2,0,H,2.05,3.1,4,2.05,3,3.8,2,3,3.7,2,3,3.9,2.11,3.06,4.36,2,3.1,3.75,,,,2.05,3.12,4.2,47,2.11,2.02,3.27,3.09,4.36,3.82,37,2.5,2.34,1.61,1.56,23,-0.5,2.11,2.04,1.86,1.8,1.91,3.24,5.17,25,24,21,21,913,786,2.26,3.86,3.35
F2,06/02/15,Ajaccio,Laval,0,0,D,0,0,D,2.1,3,4,2.15,2.9,3.75,2.1,3,3.3,2.05,2.9,3.8,2.12,3.03,4.46,2.15,2.9,3.6,,,,2.15,3,4.2,50,2.15,2.08,3.1,2.94,4.6,3.89,39,2.62,2.48,1.58,1.5,26,-0.5,2.16,2.07,1.81,1.75,2.19,2.98,4.3,27,33,22,22,919,1257,2.93,4.25,2.36
F2,06/02/15,Angers,Tours,2,0,H,0,0,D,1.91,3.4,4,1.91,3.2,4.1,1.8,3.1,4.2,1.9,3.1,4.25,1.98,3.19,4.83,1.85,3.2,4.33,,,,1.95,3.3,4.4,49,1.99,1.9,3.4,3.18,4.92,4.24,47,2.2,2.1,1.8,1.7,25,-0.5,1.99,1.92,1.96,1.89,1.99,3.12,4.94,35,23,22,22,1106,756,2.10,4.95,3.11
F2,06/02/15,Arles,Nimes,0,1,A,0,0,D,2.5,3,3,2.4,2.95,3.1,2.2,3,3.1,2.55,2.85,2.9,2.61,2.97,3.28,2.3,3,3.1,,,,2.6,3,3.1,50,2.66,2.46,3.15,2.93,3.25,3.03,43,2.38,2.31,1.65,1.57,25,0,1.8,1.72,2.18,2.1,2.82,2.95,3.02,14,29,22,22,529,1010,4.91,17.87,1.35
F2,06/02/15,Clermont,Niort,1,1,D,1,1,D,2.5,3,3,2.5,2.9,3,2.4,3,2.8,2.4,2.85,3.1,2.52,2.93,3.5,2.45,2.8,3.1,,,,2.5,3,3.3,50,2.56,2.44,3,2.88,3.55,3.12,39,2.58,2.45,1.57,1.51,25,0,1.73,1.67,2.31,2.17,2.65,2.97,3.22,24,23,22,22,891,804,2.06,5.81,2.92
F2,06/02/15,Creteil,Le Havre,0,0,D,0,0,D,2.15,3.2,3.5,2.2,3.1,3.25,2.2,3,3.1,2.15,3.1,3.3,2.3,3.07,3.77,2.2,2.9,3.5,,,,2.3,3.2,3.4,50,2.32,2.19,3.2,3.05,3.85,3.43,46,2.16,2.04,1.87,1.74,24,-0.25,1.97,1.9,1.96,1.92,2.38,3.03,3.66,28,28,22,22,990,952,2.01,10.35,2.46
F2,06/02/15,Orleans,Chateauroux,1,0,H,0,0,D,1.7,3.3,5.75,1.75,3.25,5,1.75,3.1,4.5,1.7,3.1,5.5,1.75,3.27,6.71,1.73,3.2,4.8,,,,1.75,3.3,6,50,1.78,1.73,3.4,3.2,6.8,5.47,40,2.58,2.46,1.57,1.51,24,-0.5,1.79,1.73,2.2,2.11,1.79,3.24,6.3,25,18,22,22,888,635,2.13,4.57,3.21
F2,06/02/15,Troyes,Ajaccio GFCO,1,1,D,0,1,A,1.73,3.4,5.25,1.7,3.3,5.25,1.75,3.1,4.5,1.72,3.1,5.25,1.79,3.33,5.98,1.75,3.1,5,,,,1.75,3.4,5.75,50,1.81,1.73,3.45,3.25,6.6,5.23,39,2.5,2.42,1.61,1.52,24,-0.5,1.81,1.72,2.2,2.11,1.83,3.31,5.68,45,37,22,22,1503,1185,1.99,29.08,2.16
F2,06/02/15,Valenciennes,Auxerre,1,2,A,1,0,H,2.75,3,2.75,2.7,2.85,2.75,2.6,3,2.6,2.62,2.87,2.75,2.83,2.93,3.03,2.7,2.9,2.7,,,,2.75,3,2.9,50,2.9,2.71,3.05,2.9,3.02,2.77,40,2.52,2.37,1.63,1.54,27,0,1.95,1.88,2.01,1.92,2.83,2.81,3.12,24,32,22,22,747,1135,5.17,25.20,1.30
F2,07/02/15,Dijon,Sochaux,1,0,H,0,0,D,2,3.1,4.2,2,3.1,3.9,2,3,3.6,2,3,4,2.08,3.05,4.54,2,3.1,3.8,,,,2.05,3.1,4.33,49,2.1,2,3.2,3.04,4.54,4.03,40,2.58,2.43,1.62,1.51,25,-0.5,2.08,2.01,1.88,1.81,2.24,2.94,4.19,36,38,22,22,1050,1297,3.60,6.07,1.79
F2,09/02/15,Nancy,Brest,2,1,H,0,1,A,2.3,3,3.4,2.35,3,3.1,2.2,3,3.1,2.35,2.85,3.25,2.36,2.9,3.8,2.38,2.8,3.2,,,,2.4,3,3.5,45,2.5,2.29,3,2.89,3.8,3.35,35,2.74,2.57,1.55,1.47,20,-0.25,2.05,1.97,1.92,1.85,2.33,3,3.74,29,39,22,22,958,1388,3.49,5.70,1.86
F2,13/02/15,Ajaccio GFCO,Angers,1,0,H,0,0,D,2.1,2.9,4,2.15,2.9,3.7,2,2.9,3.7,2.1,2.9,3.6,2.19,2.99,4.26,2.1,2.88,3.75,,,,2.25,2.9,4,50,2.25,2.12,3.1,2.93,4.26,3.79,39,2.52,2.39,1.53,1.48,25,-0.25,1.89,1.82,2.08,2.01,2.22,2.9,4.31,38,38,23,23,1185,1144,2.07,5.48,2.98
F2,13/02/15,Auxerre,Troyes,0,1,A,0,1,A,2.75,2.9,2.8,2.85,2.9,2.6,2.6,3,2.6,2.85,2.75,2.65,2.87,2.94,2.96,2.62,2.9,2.75,,,,2.88,2.9,2.9,50,2.85,2.69,3.03,2.9,3,2.77,39,2.52,2.4,1.63,1.53,29,0,1.92,1.86,2.04,1.94,3.23,2.91,2.69,35,46,23,23,1187,1503,2.76,3.97,2.60
F2,13/02/15,Chateauroux,Ajaccio,0,0,D,0,0,D,2.8,2.9,2.75,2.8,2.95,2.6,2.65,2.9,2.65,2.85,2.87,2.55,2.97,2.89,2.92,2.7,2.88,2.5,,,,2.9,2.9,2.88,50,2.97,2.78,3,2.88,2.92,2.7,38,2.52,2.38,1.6,1.54,29,0,1.98,1.91,1.98,1.89,2.68,2.81,3.32,18,28,23,23,603,919,2.76,3.97,2.60
F2,13/02/15,Creteil,Valenciennes,0,0,D,0,0,D,1.95,3.2,4.2,2,2.85,4.4,1.85,3,4.2,1.9,3.1,4,1.98,3.3,4.59,1.91,3,4.33,,,,1.95,3.3,4.4,50,2,1.93,3.4,3.15,4.59,4.16,47,2.16,2.07,1.8,1.72,27,-0.5,2,1.93,1.93,1.89,2.04,3.23,4.46,29,24,23,23,990,695,1.99,-6.14,1.52
F2,13/02/15,Laval,Orleans,1,1,D,1,1,D,2.45,2.88,3.25,2.25,2.9,3.4,2,2.9,3.7,2.4,2.85,3.1,2.56,2.96,3.36,2.38,2.75,3.25,,,,2.55,2.9,3.3,50,2.57,2.42,3,2.88,3.7,3.17,39,2.6,2.5,1.57,1.49,27,0,1.73,1.67,2.3,2.19,2.61,2.91,3.36,34,28,23,23,1257,920,2.03,7.30,2.69
F2,13/02/15,Le Havre,Clermont,3,1,H,2,0,H,2.1,3.1,3.75,2.1,3,3.7,2.05,2.9,3.6,2.05,3,3.75,2.17,3.03,4.26,2.05,3.1,3.6,,,,2.15,3.1,4,50,2.2,2.08,3.2,3.01,4.2,3.8,39,2.52,2.39,1.63,1.53,25,-0.25,1.85,1.8,2.08,2.04,2.23,2.91,4.26,29,25,23,23,952,891,2.20,4.08,3.34
F2,13/02/15,Niort,Dijon,1,1,D,1,0,H,2.6,2.88,3,2.55,2.9,2.9,2.6,3,2.6,2.5,2.85,2.9,2.74,2.9,3.17,2.5,2.9,2.9,,,,2.75,2.9,3,50,2.75,2.58,3,2.87,3.2,2.94,39,2.54,2.42,1.58,1.52,29,0,1.87,1.79,2.1,2.02,2.47,2.97,3.52,24,39,23,23,804,1115,2.22,3.99,3.35
F2,13/02/15,Tours,Arles,2,2,D,1,2,A,2,3.1,4.2,1.95,3.2,4,1.85,3,4.2,1.95,3.1,4.1,2.02,3.21,4.57,2.05,2.9,3.75,,,,2.05,3.2,4.2,50,2.05,1.97,3.25,3.08,4.62,4.09,46,2.29,2.2,1.73,1.64,27,-0.5,2.06,1.98,1.91,1.84,2.13,3.14,4.25,23,14,23,23,718,492,1.99,19.67,2.23
F2,14/02/15,Sochaux,Nancy,0,2,A,0,2,A,2.2,3,3.6,2.25,2.9,3.4,2.1,2.9,3.4,2.2,2.87,3.5,2.3,2.92,3.95,2.05,3,3.75,,,,2.3,3,3.7,49,2.32,2.19,3.1,2.94,4,3.57,37,2.63,2.5,1.56,1.49,25,-0.25,1.95,1.89,1.99,1.93,2.6,2.84,3.46,38,32,23,23,1232,1027,2.01,10.35,2.46
F2,16/02/15,Brest,Nimes,3,1,H,1,0,H,1.73,3.25,5.5,1.75,3.2,5,1.85,3,4.2,1.7,3.1,5.5,1.73,3.32,6.57,1.73,3.2,5,,,,1.73,3.3,6.25,45,1.85,1.7,3.45,3.25,6.57,5.48,35,2.57,2.42,1.58,1.52,22,-0.75,2.01,1.95,1.93,1.88,1.78,3.41,5.91,39,32,23,23,1319,1047,2.49,3.72,3.03
F2,20/02/15,Ajaccio,Auxerre,1,1,D,1,1,D,2.38,3,3.2,2.4,2.85,3.2,2.4,2.9,2.9,2.37,2.8,3.2,2.56,2.86,3.5,2.38,2.8,3.2,,,,2.5,2.9,3.4,49,2.6,2.44,3,2.86,3.45,3.17,37,2.82,2.63,1.55,1.45,27,0,1.75,1.68,2.3,2.16,2.71,2.88,3.26,29,35,24,24,919,1104,2.93,4.25,2.36
F2,20/02/15,Angers,Laval,2,0,H,1,0,H,1.95,3.2,4.2,2.05,3.1,3.75,2,2.9,3.7,2.05,3,3.8,2.08,3.07,4.59,2,3.1,3.8,,,,2.05,3.12,4.3,49,2.1,2,3.2,3.06,4.65,4.02,38,2.52,2.4,1.63,1.53,27,-0.5,2.11,2.03,1.85,1.8,2.06,2.95,4.83,38,35,24,24,1087,1257,2.36,3.72,3.24
F2,20/02/15,Arles,Brest,1,0,H,1,0,H,3.5,3.1,2.2,3.3,3,2.25,3,3.1,2.2,3.5,2.9,2.15,4.12,2.98,2.24,3.3,2.9,2.25,,,,4,3,2.2,49,4.2,3.61,3.1,2.93,2.25,2.18,38,2.75,2.59,1.55,1.46,25,0.25,2.06,1.98,1.9,1.85,3.96,3.01,2.28,15,42,24,24,492,1371,5.78,185.62,1.22
F2,20/02/15,Clermont,Creteil,1,0,H,0,0,D,2.2,3.1,3.5,2.3,2.9,3.3,2.2,2.9,3.2,2.3,2.9,3.25,2.33,3.06,3.7,2.15,3.1,3.3,,,,2.3,3.12,3.5,49,2.37,2.24,3.15,3.03,3.8,3.34,45,2.38,2.23,1.73,1.62,25,-0.25,2,1.93,1.95,1.9,2.41,3,3.62,25,30,24,24,846,990,2.66,3.85,2.75
F2,20/02/15,Dijon,Ajaccio GFCO,1,1,D,1,1,D,1.95,3.1,4.33,2,3,4,2,3,3.6,1.95,3,4,2.09,3.14,4.38,2,3.1,3.8,,,,2.1,3.1,4.1,49,2.12,2.02,3.15,3.03,4.6,3.99,38,2.53,2.42,1.63,1.53,26,-0.5,2.13,2.05,1.85,1.79,2.16,3.13,4.12,40,41,24,24,1115,1242,3.39,5.38,1.93
F2,20/02/15,Nancy,Chateauroux,6,0,H,4,0,H,1.44,4,8,1.5,3.9,6.25,1.55,3.5,5.6,1.5,3.6,7.5,1.51,4.04,8.55,1.5,3.75,6.5,,,,1.45,4,9,49,1.55,1.47,4.01,3.81,8.8,7.36,46,2.28,2.13,1.75,1.68,32,-1,1.9,1.84,2.08,1.98,1.53,4.12,7.74,35,19,24,24,1113,603,2.04,6.70,2.77
F2,20/02/15,Orleans,Tours,2,1,H,2,1,H,2.2,3.2,3.4,2.3,3.1,3.1,2.1,2.9,3.4,2.25,2.9,3.25,2.37,3.15,3.5,2.25,3,3.2,,,,2.38,3.12,3.3,49,2.47,2.3,3.2,3.04,3.53,3.21,44,2.33,2.24,1.7,1.61,25,-0.25,2.08,2.01,1.88,1.82,2.3,3.06,3.7,29,24,24,24,920,718,2.11,4.75,3.16
F2,20/02/15,Valenciennes,Niort,1,3,A,0,2,A,2.7,3,2.8,2.75,2.85,2.75,2.4,2.9,2.9,2.6,2.9,2.75,2.86,3,2.92,2.5,2.9,2.9,,,,2.8,3,2.88,48,2.9,2.67,3.01,2.9,2.96,2.8,37,2.62,2.46,1.6,1.5,29,0,1.95,1.86,2.01,1.94,2.88,3.02,2.9,25,25,24,24,695,804,2.81,4.05,2.52
F2,21/02/15,Troyes,Le Havre,2,2,D,2,1,H,1.7,3.4,5.5,1.75,3.3,4.75,1.7,3.3,4.5,1.7,3.2,5.5,1.71,3.48,6.34,1.73,3.3,4.8,,,,1.73,3.4,6,47,1.77,1.7,3.52,3.35,6.34,5.22,38,2.5,2.34,1.63,1.56,23,-0.75,2.02,1.95,1.94,1.88,1.7,3.58,6.29,49,32,24,24,1586,997,1.98,-8.43,1.63
F2,23/02/15,Nimes,Sochaux,2,1,H,0,0,D,2.5,3,3,2.6,2.95,2.8,2.5,2.9,2.8,2.62,2.8,2.85,2.82,2.93,3,2.5,2.8,3,,,,2.7,2.9,3.1,45,2.82,2.58,3,2.88,3.1,2.91,33,2.71,2.55,1.55,1.48,26,0,1.89,1.8,2.09,2.02,3.29,2.87,2.69,32,38,24,24,995,1146,2.34,3.74,3.28
F2,27/02/15,Ajaccio GFCO,Orleans,3,2,H,1,0,H,1.95,3.1,4.33,2,3.1,3.9,1.9,3,4,1.9,3,4.3,1.97,3.14,4.99,1.91,3,4.2,,,,1.95,3.12,4.8,47,2,1.94,3.15,3.03,5.1,4.39,36,2.74,2.58,1.53,1.46,25,-0.5,1.99,1.93,1.94,1.89,1.99,2.99,5.35,42,32,25,25,1242,956,2.02,9.03,2.54
F2,27/02/15,Chateauroux,Nimes,2,1,H,2,0,H,2.65,2.9,2.9,2.65,3,2.7,2.4,3,2.8,,,,2.78,3,3.01,2.45,3,2.88,,,,2.7,3,3,47,2.77,2.57,3.09,2.96,3.05,2.87,41,2.4,2.23,1.71,1.62,26,0,1.88,1.81,2.14,2.01,2.69,2.97,3.16,19,35,25,25,573,1052,5.78,185.62,1.22
F2,27/02/15,Clermont,Valenciennes,0,0,D,0,0,D,2.05,3.1,4,2.05,3.1,3.75,2.05,3,3.5,2.05,2.9,3.8,2.07,3.07,4.61,2,3.1,3.75,,,,2.1,3.1,4.2,47,2.1,2.03,3.25,3.06,4.6,3.93,38,2.5,2.35,1.62,1.55,25,-0.5,2.09,2.05,1.85,1.79,2.07,3.07,4.61,28,25,25,25,896,646,1.98,-17.61,1.81
F2,27/02/15,Creteil,Dijon,0,2,A,0,1,A,2.5,3,3,2.6,2.9,2.85,2.5,2.9,2.8,2.6,2.9,2.75,2.71,3,3.09,2.5,3,2.8,,,,2.7,3,3,46,2.75,2.57,3.1,2.96,3.1,2.87,41,2.45,2.24,1.7,1.62,26,0,1.87,1.81,2.09,2,2.84,2.97,2.97,30,41,25,25,940,1115,2.01,10.35,2.46
F2,27/02/15,Laval,Arles,1,0,H,1,0,H,2.15,3,3.75,2.2,3,3.4,1.85,3.1,4,2.15,3,3.5,2.26,3.03,3.95,1.95,3.1,3.8,,,,2.25,3.1,3.7,47,2.31,2.16,3.1,2.99,4,3.62,37,2.5,2.3,1.64,1.58,22,-0.25,1.96,1.87,2.25,1.96,2.37,2.9,3.86,35,18,25,25,1194,561,1.99,19.67,2.23
F2,27/02/15,Le Havre,Ajaccio,2,1,H,0,1,A,1.8,3.2,5,1.85,3.1,4.6,2,3,3.6,1.8,3.1,4.8,1.83,3.28,5.74,1.83,3.1,4.5,,,,1.83,3.25,5.4,46,2.05,1.82,3.3,3.15,5.74,4.82,36,2.5,2.37,1.6,1.54,24,-0.5,2.06,1.83,2.09,2,1.81,3.2,6.28,33,30,25,25,997,919,2.05,6.21,2.84
F2,27/02/15,Niort,Troyes,1,0,H,1,0,H,2.9,2.9,2.63,2.75,2.95,2.65,2.7,3,2.5,2.9,2.8,2.55,3.1,2.99,2.71,2.8,3,2.5,,,,3,3,2.7,47,3.1,2.88,3,2.94,2.71,2.58,36,2.5,2.36,1.6,1.55,26,0,2.09,2.02,1.91,1.8,2.87,3.04,2.87,28,50,25,25,853,1586,3.98,7.79,1.61
F2,27/02/15,Tours,Nancy,1,1,D,0,0,D,3.25,3,2.38,2.9,3.1,2.4,2.8,3,2.4,3.1,2.9,2.35,3.14,3.15,2.57,2.8,3.2,2.38,,,,3.2,3.2,2.4,47,3.3,3.04,3.2,3.04,2.55,2.4,45,2.2,2.07,1.81,1.72,23,0.25,1.85,1.8,2.14,2.04,3.31,3.08,2.5,24,38,25,25,682,1143,3.98,7.79,1.61
F2,28/02/15,Brest,Sochaux,1,1,D,1,0,H,2.05,3.1,4,2.05,2.95,3.9,2,3,3.6,2,2.87,4.1,2.03,3.02,4.85,1.91,3,4.2,,,,2.05,3,4.5,47,2.1,1.98,3.2,3.01,4.85,4.17,36,2.74,2.6,1.53,1.46,25,-0.5,2.08,2,1.89,1.83,2.09,2.98,4.77,42,38,25,25,1302,1089,2.10,4.95,3.11
F2,02/03/15,Auxerre,Angers,0,1,A,0,0,D,2.05,3.2,3.75,2.15,3,3.5,2.2,3,3.1,2.05,2.9,3.9,2.23,3.01,4.08,2.1,3,3.5,,,,2.15,3,4,43,2.23,2.12,3.2,3,4.08,3.65,32,2.63,2.46,1.6,1.51,21,-0.25,1.88,1.81,2.11,2.02,2.33,3.03,3.76,36,41,25,25,1104,1150,2.66,3.85,2.75
F2,06/03/15,Ajaccio,Creteil,0,1,A,0,1,A,2.4,2.9,3.25,2.4,3,3,2.3,2.8,3.1,2.3,2.87,3.2,2.45,2.97,3.55,2.25,3,3.2,,,,2.45,3,3.4,47,2.5,2.36,3.1,2.93,3.55,3.22,39,2.5,2.35,1.61,1.56,24,0,1.67,1.63,2.39,2.24,2.52,2.86,3.58,30,30,26,26,873,874,2.20,4.08,3.34
F2,06/03/15,Angers,Niort,0,0,D,0,0,D,2.3,2.88,3.5,2.35,2.9,3.2,2.1,3,3.3,2.3,2.9,3.25,2.46,2.97,3.54,2.15,3.1,3.3,,,,2.4,3,3.4,47,2.47,2.32,3.1,2.93,3.55,3.28,38,2.5,2.35,1.6,1.55,23,-0.25,2.06,1.99,1.89,1.82,2.61,2.88,3.39,44,31,26,26,1227,932,2.04,6.70,2.77
F2,06/03/15,Nancy,Laval,1,1,D,1,0,H,1.53,3.6,7.5,1.62,3.4,6,1.65,3.3,4.9,1.57,3.4,6.5,1.6,3.66,7.99,1.57,3.5,6,,,,1.57,3.75,7.5,47,1.65,1.55,3.8,3.52,8.64,6.87,43,2.28,2.15,1.75,1.67,27,-1,2.08,1.98,1.89,1.83,1.56,3.69,8.78,39,38,26,26,1143,1222,2.06,5.81,2.92
F2,06/03/15,Nimes,Ajaccio GFCO,2,0,H,2,0,H,2.63,2.88,3,2.7,2.85,2.75,2.6,3,2.6,2.65,2.8,2.8,2.78,2.92,3.1,2.7,2.9,2.7,,,,2.7,3,3,47,2.78,2.63,3.01,2.89,3.13,2.86,40,2.5,2.35,1.64,1.56,26,0,1.88,1.81,2.07,2,3.02,2.95,2.82,35,45,26,26,999,1290,2.71,3.90,2.67
F2,06/03/15,Orleans,Valenciennes,0,1,A,0,1,A,2.1,3,4,2.1,3,3.7,2,3,3.6,2.05,2.85,3.9,2.22,2.95,4.28,2,2.9,4,,,,2.15,3,4.1,46,2.21,2.08,3.1,2.94,4.28,3.91,34,2.64,2.52,1.58,1.49,22,-0.5,2.21,2.11,1.83,1.73,2.12,2.95,4.67,32,26,26,26,908,646,1.98,-13.02,1.75
F2,06/03/15,Sochaux,Tours,2,1,H,0,1,A,1.85,3.25,4.6,1.85,3.3,4.25,1.7,3.3,4.5,1.83,3.1,4.5,1.91,3.22,5.25,1.8,3.1,4.75,,,,1.83,3.3,5,47,1.91,1.82,3.4,3.19,5.24,4.67,43,2.38,2.21,1.7,1.63,25,-0.5,1.92,1.85,2.05,1.96,1.89,3.23,5.36,39,25,26,26,1089,682,2.26,3.86,3.35
F2,06/03/15,Troyes,Clermont,2,0,H,1,0,H,1.53,3.7,7,1.57,3.4,6.75,1.6,3.4,5.2,1.5,3.5,7,1.56,3.91,7.77,1.57,3.5,6,,,,1.53,3.9,8,47,1.6,1.52,4,3.69,8,6.7,45,2.3,2.1,1.77,1.7,28,-1,2.02,1.93,1.95,1.88,1.66,3.73,6.44,50,29,26,26,1507,896,1.99,29.08,2.16
F2,07/03/15,Dijon,Le Havre,1,1,D,1,1,D,1.85,3.2,4.75,1.91,3,4.5,2,3,3.6,2,2.9,4.1,2.02,3.16,4.55,1.85,3.2,4.2,,,,2,3.2,4.4,47,2.02,1.93,3.3,3.11,4.8,4.21,38,2.38,2.24,1.7,1.6,23,-0.5,2.02,1.95,1.9,1.86,1.96,3.16,5.02,44,36,26,26,1181,1043,2.71,3.90,2.67
F2,09/03/15,Arles,Auxerre,2,4,A,0,2,A,2.6,3,2.9,2.65,2.95,2.75,2.5,3,2.7,2.62,2.85,2.8,2.73,2.95,3.09,2.5,2.8,3,,,,2.7,2.9,3.1,43,2.73,2.57,3.1,2.89,3.1,2.89,35,2.71,2.56,1.55,1.47,24,0,1.86,1.79,2.09,2.01,2.85,2.93,3.01,18,36,26,26,533,1027,3.39,5.38,1.93
F2,09/03/15,Brest,Chateauroux,3,0,H,2,0,H,1.44,4,8.5,1.44,3.75,8.25,1.53,3.5,6.2,1.45,3.7,7.5,1.48,4.19,8.56,1.44,4,7,,,,1.5,4.1,8,43,1.53,1.46,4.3,3.92,8.56,7.32,40,2.14,2.02,1.87,1.76,25,-1,1.91,1.83,2.1,1.98,1.54,3.96,8.06,43,22,26,26,1302,626,1.98,-17.61,1.81
F2,13/03/15,Ajaccio GFCO,Nancy,1,0,H,0,0,D,2.55,2.9,3,2.6,2.75,3,2.3,3,2.9,2.55,2.85,2.9,2.72,2.88,3.21,2.5,2.9,2.9,,,,2.7,2.88,3.1,46,2.73,2.55,3,2.84,3.25,2.99,37,2.85,2.66,1.54,1.44,24,0,1.85,1.78,2.17,2.06,2.62,2.9,3.34,45,40,27,27,1226,1143,2.26,3.86,3.35
F2,13/03/15,Chateauroux,Arles,1,2,A,1,0,H,2.25,3.1,3.4,2.4,3,3,2.2,3,3.1,2.25,2.85,3.4,2.34,3.08,3.66,2.3,3.1,3,,,,2.38,3,3.5,46,2.38,2.28,3.1,2.96,3.8,3.33,39,2.45,2.37,1.65,1.55,22,-0.25,2.01,1.96,1.92,1.86,2.4,3.1,3.48,22,18,27,27,595,496,2.49,3.72,3.03
F2,13/03/15,Clermont,Dijon,2,5,A,1,3,A,3.1,3,2.4,2.7,2.95,2.7,2.6,3,2.6,3,2.8,2.55,3.15,2.97,2.69,2.8,3,2.5,,,,3.1,3,2.6,46,3.2,2.91,3.05,2.93,2.74,2.55,39,2.6,2.34,1.65,1.57,26,0,2.13,2.04,1.85,1.78,3.27,2.97,2.57,29,45,27,27,851,1181,2.39,3.71,3.20
F2,13/03/15,Creteil,Angers,0,1,A,0,1,A,2.38,3,3.2,2.4,2.95,3.1,2.6,3,2.6,2.3,2.87,3.25,2.45,2.94,3.61,2.3,3,3.1,,,,2.45,3,3.4,46,2.6,2.37,3,2.91,3.61,3.21,37,2.5,2.41,1.6,1.53,25,0,1.8,1.64,2.39,2.24,2.37,2.98,3.73,33,45,27,27,935,1227,3.30,5.11,1.99
F2,13/03/15,Laval,Nimes,0,1,A,0,0,D,2.25,3,3.5,2.25,2.8,3.6,2.3,3,2.9,2.15,2.85,3.7,2.22,3.08,4,2.15,3,3.4,,,,2.15,3.1,3.9,46,2.3,2.16,3.1,2.98,4,3.59,37,2.5,2.37,1.64,1.55,22,-0.25,1.88,1.84,2.06,1.99,2.19,3.17,3.95,39,38,27,27,1222,1063,2.39,3.71,3.20
F2,13/03/15,Le Havre,Orleans,3,1,H,1,1,D,1.91,3.1,4.5,1.91,2.95,4.5,1.9,3,4,1.85,2.9,4.75,1.88,3.24,5.45,1.85,3.1,4.4,,,,1.85,3.25,5.25,46,1.91,1.84,3.25,3.1,5.7,4.76,37,2.62,2.51,1.62,1.49,24,-0.5,1.88,1.84,2.05,1.99,1.9,3.22,5.3,37,32,27,27,1043,844,2.04,6.70,2.77
F2,13/03/15,Niort,Ajaccio,1,0,H,1,0,H,1.8,3.1,5.25,1.8,3.1,5,1.8,3,4.4,1.72,3.1,5.5,1.81,3.26,5.96,1.75,3.2,4.8,,,,1.83,3.25,5.5,46,1.85,1.77,3.3,3.13,5.96,5.17,37,2.67,2.52,1.54,1.49,22,-0.5,1.85,1.8,2.12,2.04,1.85,3.32,5.45,32,30,27,27,932,812,2.10,4.95,3.11
F2,13/03/15,Tours,Brest,1,1,D,1,0,H,3.2,2.88,2.5,3,2.85,2.5,2.7,3,2.5,3.1,2.85,2.37,3.27,2.99,2.6,3,2.9,2.45,,,,3.25,3,2.5,46,3.4,3.07,3.03,2.91,2.6,2.46,37,2.61,2.46,1.6,1.51,22,0,2.25,2.14,1.76,1.7,3.41,3.04,2.47,25,46,27,27,648,1333,3.84,7.09,1.67
F2,14/03/15,Auxerre,Sochaux,1,0,H,1,0,H,2.3,3,3.4,2.4,2.8,3.3,2.4,3,2.8,2.35,2.8,3.3,2.37,3,3.63,2.38,2.8,3.2,,,,2.4,3,3.5,47,2.5,2.34,3.03,2.88,3.63,3.3,38,2.74,2.58,1.52,1.47,23,0,1.7,1.63,2.45,2.28,2.41,2.93,3.72,39,42,27,27,1064,1123,2.18,4.18,3.32
F2,16/03/15,Valenciennes,Troyes,1,1,D,1,0,H,3.6,3,2.2,3.4,3.1,2.15,3,3,2.25,3.5,3,2.1,3.94,3.07,2.22,3.3,3.1,2.15,,,,3.7,3.1,2.25,43,4.05,3.54,3.2,3.01,2.25,2.14,35,2.38,2.27,1.68,1.6,20,0.25,2,1.95,1.94,1.87,4.77,3.42,1.92,29,53,27,27,710,1552,6.16,-79.01,1.18
F2,20/03/15,Ajaccio,Clermont,1,2,A,0,1,A,2.3,3,3.4,2.25,3,3.3,2.2,2.8,3.3,2.2,2.85,3.5,2.28,2.98,3.89,2.25,3,3.2,,,,2.25,3,3.8,48,2.42,2.21,3.1,2.97,3.87,3.48,39,2.64,2.5,1.55,1.49,24,-0.25,1.93,1.86,2.03,1.96,2.31,3.06,3.75,30,29,28,28,771,791,2.11,4.75,3.16
F2,20/03/15,Angers,Le Havre,1,0,H,1,0,H,2.3,3,3.4,2.4,2.8,3.25,2.1,3.1,3.2,2.35,2.8,3.25,2.49,2.9,3.53,2.25,3,3.2,,,,2.4,3,3.4,48,2.5,2.33,3.1,2.91,3.57,3.3,38,2.7,2.51,1.53,1.49,24,-0.25,2.08,2,1.88,1.82,2.43,3.02,3.56,48,40,28,28,1292,1085,2.11,4.75,3.16
F2,20/03/15,Arles,Ajaccio GFCO,0,0,D,0,0,D,2.88,3,2.63,2.85,2.9,2.6,2.7,3,2.5,2.9,2.75,2.62,3.03,2.91,2.81,2.8,2.87,2.6,,,,3,2.9,2.75,48,3.05,2.85,3,2.88,2.81,2.64,39,2.71,2.59,1.55,1.47,28,0,2.05,1.96,1.9,1.84,3.73,2.98,2.38,21,48,28,28,538,1283,2.93,4.25,2.36
F2,20/03/15,Dijon,Valenciennes,1,1,D,1,1,D,1.73,3.5,5,1.72,3.6,4.5,1.7,3.3,4.5,1.66,3.3,5.5,1.66,3.74,6.24,1.67,3.4,5,,,,1.65,3.7,6.25,48,1.73,1.64,3.74,3.49,6.25,5.47,42,2.23,2.14,1.74,1.66,24,-0.75,1.92,1.85,2.05,1.97,1.53,4.2,7.5,48,30,28,28,1241,710,2.05,6.21,2.84
F2,20/03/15,Nimes,Tours,3,2,H,1,1,D,2.45,3,3.1,2.5,3.1,2.8,,,,2.38,2.9,3,2.47,3.29,3.11,2.25,3.1,3.1,,,,2.4,3.2,3.2,44,2.63,2.39,3.29,3.07,3.2,3.01,42,2.19,2.1,1.79,1.7,24,-0.25,2.11,2.05,1.84,1.79,2.45,3.37,3.13,41,26,28,28,1149,648,1.99,29.08,2.16
F2,20/03/15,Orleans,Niort,0,0,D,0,0,D,2.55,3,2.9,2.6,2.95,2.8,2.4,2.9,2.9,2.75,2.8,2.7,2.74,2.91,3.11,2.7,2.87,2.7,,,,2.75,2.9,3,48,2.85,2.63,3,2.87,3.12,2.87,39,2.72,2.56,1.53,1.48,26,0,1.87,1.81,2.06,1.99,2.57,2.95,3.38,32,35,28,28,802,973,2.87,4.14,2.44
F2,20/03/15,Sochaux,Chateauroux,3,0,H,1,0,H,1.57,3.6,6.5,1.62,3.5,5.5,1.65,3.4,4.7,1.57,3.4,6,1.61,3.81,6.83,1.57,3.5,6,,,,1.57,3.8,7,48,1.65,1.57,3.8,3.61,7,6.13,42,2.23,2.15,1.74,1.66,27,-1,2.15,2.05,1.83,1.77,1.56,3.83,7.96,42,22,28,28,1067,553,1.99,19.67,2.23
F2,20/03/15,Troyes,Creteil,2,0,H,1,0,H,1.57,3.8,6,1.62,3.6,5.5,1.6,3.4,5.2,1.57,3.4,6.5,1.61,3.74,7.1,1.57,3.5,6,,,,1.55,3.8,7.5,47,1.63,1.56,3.8,3.61,7.5,6.28,45,2.25,2.15,1.77,1.68,28,-1,2.14,2.03,1.86,1.8,1.53,4.21,7.4,54,33,28,28,1552,870,2.01,10.35,2.46
F2,21/03/15,Brest,Laval,0,0,D,0,0,D,1.62,3.4,6.5,1.67,3.3,5.5,1.65,3.3,4.9,1.6,3.2,6.5,1.66,3.41,7.49,1.62,3.3,6,,,,1.62,3.5,7.5,45,1.68,1.61,3.55,3.35,7.5,6.34,38,2.74,2.58,1.56,1.47,22,-0.75,1.88,1.82,2.1,2.01,1.61,3.6,7.89,47,39,28,28,1333,1136,2.03,8.05,2.62
F2,23/03/15,Nancy,Auxerre,2,1,H,1,0,H,1.95,3.3,4,2.05,3.1,3.75,2.1,3,3.3,1.95,3.1,4.1,2.04,3.03,4.74,2,3.1,3.8,,,,2,3.12,4.5,41,2.1,1.98,3.3,3.04,4.74,4.12,35,2.62,2.48,1.58,1.5,21,-0.5,2.04,1.97,1.9,1.84,1.97,3.22,4.81,40,42,28,28,1086,1120,2.49,3.72,3.03
F2,03/04/15,Auxerre,Nimes,3,1,H,0,1,A,1.7,3.4,5.5,1.7,3.4,5,1.85,3.2,3.9,1.7,3.2,5.25,1.7,3.72,5.9,1.7,3.4,4.8,,,,1.65,3.7,6,48,1.85,1.68,3.72,3.48,6,5.25,46,2.34,2.11,1.79,1.7,25,-0.75,1.93,1.87,2.02,1.95,1.68,3.77,6.07,42,44,29,29,1064,1181,2.57,3.76,2.90
F2,03/04/15,Clermont,Angers,2,0,H,0,0,D,2.6,2.9,3,2.6,2.85,2.9,2.5,3,2.7,2.6,2.88,2.8,2.72,3.03,3.05,2.45,2.9,3,,,,2.75,3,2.9,48,2.75,2.56,3.1,2.94,3.05,2.88,38,2.5,2.33,1.6,1.56,28,0,1.88,1.81,2.12,2,2.53,3.03,3.32,32,51,29,29,845,1346,5.46,43.79,1.26
F2,03/04/15,Creteil,Orleans,1,0,H,1,0,H,2.2,3.1,3.5,2.15,3,3.5,2.25,2.8,3.2,2.25,2.85,3.4,2.36,3.07,3.61,2.15,3,3.4,,,,2.3,3.1,3.5,48,2.36,2.23,3.16,3.01,3.8,3.37,38,2.5,2.34,1.6,1.56,25,-0.25,2.02,1.94,1.94,1.88,2.49,3.02,3.4,33,33,29,29,826,802,2.20,4.08,3.34
F2,03/04/15,Laval,Sochaux,2,2,D,1,0,H,2.9,3,2.55,2.75,2.8,2.8,2.6,3,2.6,2.88,2.8,2.6,3.12,2.9,2.79,2.75,2.9,2.62,,,,3,2.88,2.75,48,3.12,2.85,3,2.89,2.79,2.63,38,2.76,2.58,1.55,1.47,28,0,2.07,1.99,1.88,1.82,3.19,2.86,2.78,40,45,29,29,1136,1095,2.34,3.74,3.28
F2,03/04/15,Le Havre,Nancy,0,1,A,0,1,A,2.7,3.1,2.7,2.7,2.95,2.7,2.3,3,2.9,2.6,2.85,2.8,2.95,3.1,2.75,2.7,3,2.6,,,,2.8,3.1,2.75,47,2.95,2.71,3.14,3,2.9,2.67,42,2.28,2.2,1.71,1.63,28,0,2.02,1.93,2,1.88,2.75,3.07,2.98,40,43,29,29,1031,1142,2.22,3.99,3.35
F2,03/04/15,Niort,Arles,1,1,D,1,0,H,1.73,3.4,5.25,1.73,3.4,5,1.75,3.2,4.3,1.75,3.1,5.2,1.76,3.5,5.87,1.73,3.2,5,,,,1.75,3.4,5.75,48,1.8,1.72,3.51,3.33,6.3,5.14,39,2.5,2.35,1.63,1.56,25,-0.75,2.02,1.97,1.91,1.85,1.77,3.5,5.79,36,22,29,29,973,538,2.11,4.75,3.16
F2,03/04/15,Tours,Chateauroux,1,0,H,0,0,D,1.7,3.5,5,1.8,3.3,4.5,1.85,3,4.2,1.75,3.25,4.6,1.79,3.58,5.32,1.75,3.5,4.33,,,,1.75,3.5,5.5,48,1.85,1.74,3.62,3.45,5.5,4.72,47,2.04,1.95,1.91,1.83,26,-0.5,1.79,1.74,2.17,2.09,1.74,3.5,6.05,26,22,29,29,616,525,2.04,6.70,2.77
F2,03/04/15,Valenciennes,Ajaccio,1,1,D,1,0,H,2.2,3.2,3.4,2.25,3,3.3,2.1,3,3.3,2.1,3,3.6,2.29,3.08,3.77,2.2,3,3.3,,,,2.25,3,3.8,48,2.29,2.2,3.2,3.01,3.8,3.46,37,2.62,2.42,1.59,1.52,25,-0.25,1.94,1.86,2.02,1.96,2.28,3.08,3.81,31,30,29,29,710,717,2.26,3.86,3.35
F2,04/04/15,Dijon,Troyes,0,1,A,0,0,D,2.4,3.1,3.1,2.45,3,2.95,2.5,2.9,2.8,2.3,3,3.1,2.41,3.16,3.32,2.38,3.1,2.88,,,,2.45,3.1,3.25,48,2.5,2.37,3.25,3.07,3.32,3.04,41,2.3,2.18,1.7,1.65,25,-0.25,2.12,2.05,1.87,1.79,2.52,3.06,3.3,49,57,29,29,1241,1596,2.39,3.71,3.20
F2,06/04/15,Ajaccio GFCO,Brest,1,1,D,1,1,D,2.38,3,3.2,2.4,2.85,3.2,2.3,3,2.9,2.3,2.75,3.5,2.45,2.94,3.56,2.38,2.75,3.3,,,,2.4,2.8,3.7,45,2.45,2.34,3,2.85,3.7,3.32,36,3.1,2.89,1.44,1.38,22,-0.25,2.04,1.99,1.9,1.84,2.4,2.93,3.73,49,48,29,29,1283,1333,2.13,4.57,3.21
F2,10/04/15,Ajaccio,Dijon,1,0,H,0,0,D,3,3,2.5,3,3,2.4,2.9,2.9,2.4,3.1,2.8,2.4,3.34,3,2.55,3.1,3,2.3,,,,3.13,3,2.6,47,3.4,3.03,3.15,2.94,2.6,2.45,37,2.52,2.39,1.6,1.54,26,0.25,1.81,1.75,2.17,2.09,2.98,3.05,2.76,31,49,30,30,717,1154,3.39,5.38,1.93
F2,10/04/15,Arles,Le Havre,0,1,A,0,0,D,3,2.88,2.63,2.75,3.1,2.55,2.6,3,2.6,2.9,2.85,2.5,3.1,2.97,2.72,2.9,2.9,2.5,,,,3.1,3,2.63,47,3.11,2.92,3.1,2.92,2.72,2.54,37,2.63,2.41,1.58,1.53,28,0,2.13,2.04,1.83,1.77,3.1,2.97,2.72,23,40,30,30,538,959,2.76,3.97,2.60
F2,10/04/15,Chateauroux,Ajaccio GFCO,0,2,A,0,0,D,4.33,3,2,3.9,3.1,2,3.9,3.1,1.9,3.9,3,2,4.52,3.16,2.05,3.75,3,2.05,,,,4.6,3.13,2,46,4.6,4.07,3.21,3.04,2.1,1.99,35,2.62,2.46,1.59,1.51,27,0.5,1.9,1.83,2.05,1.98,3.79,3.06,2.3,22,50,30,30,499,1283,6.16,-79.01,1.18
F2,10/04/15,Nancy,Niort,1,2,A,0,1,A,1.73,3.25,5.5,1.7,3.4,5,1.85,3,4.2,1.8,3.2,4.6,1.74,3.49,6.15,1.75,3.4,4.5,,,,1.75,3.4,5.75,47,1.85,1.73,3.5,3.32,6.15,5.09,45,2.38,2.13,1.76,1.68,27,-0.5,1.78,1.73,2.23,2.11,1.81,3.6,5.13,46,37,30,30,1214,973,2.18,4.18,3.32
F2,10/04/15,Nimes,Clermont,0,1,A,0,0,D,2.5,3,3,2.65,3.1,2.65,2.4,2.8,3,2.55,2.85,2.85,2.67,3.12,3.03,2.4,3.1,2.8,,,,2.63,3.1,3,47,2.68,2.51,3.17,3.01,3.08,2.87,45,2.2,2.1,1.84,1.7,28,0,1.85,1.79,2.08,2.01,2.77,3.15,2.88,44,35,30,30,1122,912,2.09,5.19,3.05
F2,10/04/15,Orleans,Troyes,0,1,A,0,0,D,3.4,3.1,2.25,3.25,2.9,2.35,3.3,3,2.1,3.4,2.8,2.25,3.75,2.98,2.37,3.25,2.88,2.3,,,,3.8,2.9,2.3,47,3.8,3.44,3.1,2.91,2.4,2.26,37,2.8,2.68,1.5,1.44,26,0.5,1.69,1.63,2.35,2.27,3.08,2.88,2.84,33,60,30,30,762,1683,4.69,13.96,1.40
F2,10/04/15,Sochaux,Creteil,2,1,H,0,1,A,1.67,3.5,5.5,1.73,3.25,5.25,1.75,3.1,4.5,1.67,3.25,5.5,1.69,3.57,6.55,1.73,3.3,4.8,,,,1.67,3.6,6.25,47,1.75,1.68,3.6,3.4,6.55,5.44,44,2.38,2.21,1.7,1.63,27,-0.5,1.73,1.65,2.32,2.22,1.88,3.4,4.99,46,36,30,30,1095,866,2.11,4.75,3.16
F2,10/04/15,Tours,Laval,1,1,D,0,0,D,1.91,3.1,4.5,2,3.1,3.9,1.9,3.2,3.8,2,3,3.9,1.99,3.22,4.73,1.95,3.2,3.8,,,,2,3.2,4.4,46,2.05,1.95,3.33,3.12,4.73,4.1,40,2.45,2.3,1.64,1.58,26,-0.5,2.03,1.95,1.95,1.87,2,3.2,4.75,29,41,30,30,642,1136,2.61,3.80,2.82
F2,11/04/15,Brest,Auxerre,0,1,A,0,0,D,2.1,3,4,2.05,3,3.8,2.1,3,3.3,2.05,3,3.8,2.1,3.15,4.24,2,3.1,3.75,,,,2.1,3.1,4.2,47,2.15,2.05,3.2,3.02,4.33,3.89,37,2.65,2.5,1.6,1.49,28,-0.5,2.14,2.06,1.83,1.77,1.95,3.15,5.14,49,45,30,30,1333,1123,2.49,3.72,3.03
F2,13/04/15,Angers,Valenciennes,0,0,D,0,0,D,1.8,3.25,5,1.72,3.4,5,1.7,3.2,4.7,1.8,3.1,5,1.8,3.34,5.73,1.73,3.25,4.75,,,,1.8,3.3,5.5,42,1.8,1.75,3.5,3.27,5.8,4.95,34,2.5,2.33,1.62,1.56,22,-0.75,2.08,2,1.87,1.81,1.69,3.5,6.67,51,32,30,30,1279,710,2.03,7.30,2.69
F2,17/04/15,Ajaccio GFCO,Sochaux,3,0,H,2,0,H,2.2,3.1,3.5,2.25,2.9,3.4,2.2,3,3.1,2.2,2.85,3.5,2.28,2.99,3.95,2.2,3,3.25,,,,2.25,3,3.8,48,2.31,2.2,3.1,2.94,3.95,3.53,36,2.75,2.63,1.5,1.45,27,-0.25,1.94,1.88,2.01,1.93,2.11,3.09,4.29,53,49,31,31,1318,1138,2.11,4.75,3.16
F2,17/04/15,Auxerre,Tours,2,3,A,1,2,A,1.75,3.5,4.75,1.8,3.4,4.4,1.75,3.2,4.3,1.73,3.3,4.75,1.82,3.62,5.02,1.73,3.4,4.6,,,,1.8,3.5,5.2,49,1.86,1.76,3.62,3.4,5.2,4.68,47,2.1,2,1.89,1.77,28,-0.5,1.82,1.76,2.16,2.06,1.88,3.37,5.08,48,30,31,31,1216,642,1.99,19.67,2.23
F2,17/04/15,Clermont,Orleans,1,0,H,1,0,H,2.15,3,3.75,2.25,2.95,3.4,2,2.9,3.7,2.2,2.8,3.6,2.24,3.03,3.99,2.2,3,3.3,,,,2.2,3,4,49,2.3,2.18,3.1,2.95,4,3.59,37,2.74,2.55,1.5,1.47,27,-0.25,1.9,1.86,2.03,1.96,2.19,3.1,4.1,38,33,31,31,991,709,2.01,10.35,2.46
F2,17/04/15,Creteil,Nancy,1,1,D,0,0,D,3.2,3,2.4,3.25,2.75,2.45,2.75,3.1,2.4,3.1,2.88,2.38,3.37,3.01,2.53,3,3.1,2.3,,,,3.25,3.1,2.45,49,3.37,3.11,3.1,2.99,2.53,2.38,43,2.41,2.29,1.67,1.59,27,0.25,1.84,1.78,2.13,2.05,3.35,3.05,2.5,36,46,31,31,823,1129,2.93,4.25,2.36
F2,17/04/15,Laval,Chateauroux,1,0,H,1,0,H,1.75,3.4,5,1.75,3.4,4.75,1.8,3.2,4,1.8,3.1,5,1.75,3.55,5.85,1.75,3.2,5,,,,1.75,3.4,5.75,49,1.8,1.73,3.55,3.33,6,5.1,42,2.42,2.28,1.66,1.59,28,-0.5,1.81,1.73,2.21,2.11,1.73,3.61,5.86,42,22,31,31,1136,464,2.02,-2.97,1.19
F2,17/04/15,Niort,Nimes,3,2,H,0,0,D,1.67,3.4,6,1.67,3.6,5,1.75,3.1,4.5,1.67,3.25,5.5,1.72,3.76,5.62,1.7,3.5,4.6,,,,1.7,3.75,5.5,48,1.73,1.67,3.8,3.5,6.3,5.22,46,2.05,1.91,1.97,1.86,27,-0.75,1.97,1.88,2.03,1.94,1.68,3.9,5.72,40,44,31,31,1058,1043,2.16,4.29,3.29
F2,17/04/15,Troyes,Ajaccio,2,0,H,1,0,H,1.55,3.6,7,1.55,3.6,6.25,1.65,3.3,4.9,1.53,3.4,7,1.59,3.88,7.25,1.53,3.6,6,,,,1.53,3.8,8,49,1.65,1.54,3.88,3.63,8,6.65,43,2.43,2.3,1.65,1.58,30,-1,2.08,2,1.89,1.81,1.55,4.2,7.03,63,34,31,31,1736,775,1.98,-7.12,1.57
F2,17/04/15,Valenciennes,Arles,3,0,H,0,0,D,2.2,3.2,3.4,2.25,3,3.3,1.85,3.1,4,2.2,2.9,3.4,2.23,3.16,3.85,1.95,3.2,3.8,,,,2.2,3.1,3.8,49,2.25,2.13,3.2,3.06,4,3.56,42,2.5,2.34,1.67,1.57,27,-0.25,1.9,1.85,2.04,1.97,2.18,3.12,4.06,33,23,31,31,710,500,2.22,3.99,3.35
F2,18/04/15,Dijon,Angers,1,1,D,1,0,H,1.95,3.3,4,1.95,3.2,3.9,2.2,3,3.1,1.95,3,4,2.03,3.19,4.46,1.91,3.2,4,,,,2,3.2,4.5,50,2.2,1.95,3.3,3.13,4.7,4.1,38,2.5,2.37,1.59,1.55,30,-0.5,2.03,1.96,1.93,1.86,2.12,3.19,4.18,49,52,31,31,1096,1279,2.99,4.38,2.29
F2,20/04/15,Le Havre,Brest,1,1,D,0,0,D,2.5,3,3,2.65,2.85,2.85,2.3,3,2.9,2.55,2.85,2.9,2.6,2.97,3.24,2.6,2.88,2.8,,,,2.6,3,3.13,46,2.65,2.48,3.01,2.92,3.3,2.99,36,2.63,2.51,1.55,1.49,26,0,1.79,1.73,2.19,2.09,3.39,2.93,2.57,43,49,31,31,997,1240,2.20,4.08,3.34
F2,24/04/15,Angers,Ajaccio,1,0,H,1,0,H,1.7,3.3,5.75,1.72,3.2,5.5,1.7,3.3,4.5,1.67,3.2,5.5,1.8,3.37,5.82,1.7,3.3,5,,,,1.73,3.3,6.25,47,1.8,1.73,3.45,3.26,6.25,5.27,36,2.63,2.47,1.56,1.51,24,-0.75,2.04,1.96,1.93,1.86,1.91,3.23,5.22,53,34,32,32,1279,736,2.00,12.20,2.39
F2,24/04/15,Arles,Clermont,0,0,D,0,0,D,2.63,3.1,2.75,2.8,2.85,2.7,2.6,3,2.6,2.7,2.88,2.65,2.82,3.07,2.92,2.38,2.9,3,,,,2.8,3.1,2.8,47,2.85,2.66,3.1,2.95,3,2.77,39,2.5,2.29,1.69,1.59,28,0,1.95,1.89,1.99,1.92,2.79,3.07,2.94,23,41,32,32,475,1026,3.72,6.53,1.73
F2,24/04/15,Brest,Valenciennes,1,0,H,1,0,H,1.5,3.8,7.5,1.5,3.6,7.25,1.6,3.4,5.2,1.45,3.6,8,1.53,3.81,9.32,1.5,3.6,7,,,,1.5,3.8,9,47,1.6,1.49,3.88,3.65,9.5,7.77,36,2.5,2.4,1.61,1.53,28,-1,1.96,1.89,2.02,1.93,1.55,3.69,9.1,50,36,32,32,1240,735,2.39,3.71,3.20
F2,24/04/15,Chateauroux,Auxerre,2,1,H,1,0,H,4.8,3.1,1.85,4.6,3,1.9,3.8,3.1,1.9,4.2,3.1,1.9,4.82,3.28,1.95,3.8,3.3,1.91,,,,4.6,3.3,1.93,46,5.1,4.26,3.32,3.18,2,1.9,42,2.18,2.11,1.79,1.7,26,0.5,2,1.91,1.96,1.9,4.43,3.25,2.03,22,48,32,32,441,1131,-18.12,-2.28,0.67
F2,24/04/15,Laval,Ajaccio GFCO,0,2,A,0,1,A,3.25,2.9,2.4,3.2,2.75,2.45,2.6,3,2.6,3.25,2.85,2.35,3.59,3,2.42,3,2.9,2.38,,,,3.5,3,2.38,47,3.6,3.23,3,2.9,2.6,2.37,36,2.66,2.55,1.55,1.48,25,0.25,1.9,1.84,2.07,1.99,3.85,3.01,2.32,45,56,32,32,1159,1375,2.66,3.85,2.75
F2,24/04/15,Nancy,Troyes,2,0,H,1,0,H,2,3.1,4.2,2.05,2.95,3.9,2.2,3.1,3,1.95,3,4.1,2.09,3.2,4.26,2,3.1,3.75,,,,2.05,3.13,4.3,47,2.2,2,3.26,3.09,4.6,3.96,36,2.5,2.35,1.63,1.55,27,-0.5,2.09,2.01,1.87,1.82,2.08,3.23,4.21,47,66,32,32,1129,1775,3.39,5.38,1.93
F2,24/04/15,Nimes,Creteil,0,1,A,0,0,D,2.5,3.1,2.9,2.5,2.95,2.95,2.5,3,2.7,2.45,3.1,2.8,2.73,3.1,2.98,2.38,3.2,2.8,,,,2.63,3.2,2.9,47,2.73,2.51,3.22,3.08,3.08,2.83,45,2.05,1.94,1.93,1.83,28,0,1.88,1.81,2.08,2.01,2.74,3.17,2.91,44,37,32,32,991,823,2.20,4.08,3.34
F2,24/04/15,Sochaux,Le Havre,0,1,A,0,0,D,1.95,3.2,4.2,2,3.1,3.9,1.9,3,4,1.95,3,4.1,2,3.18,4.78,2,3.1,3.75,,,,1.95,3.25,4.6,47,2.05,1.94,3.25,3.11,4.85,4.18,38,2.5,2.32,1.66,1.57,26,-0.5,2,1.94,1.96,1.88,1.96,3.28,4.74,49,44,32,32,1081,997,2.31,3.77,3.31
F2,24/04/15,Tours,Niort,1,0,H,1,0,H,2.38,3.1,3.1,2.4,3,3,2.2,3,3.1,2.38,3.1,2.88,2.47,3.2,3.23,2.25,3.2,3,,,,2.45,3.2,3.1,46,2.48,2.38,3.27,3.09,3.3,3.01,44,2.05,1.94,1.95,1.84,25,-0.25,2.15,2.06,1.84,1.78,2.38,3.23,3.38,33,43,32,32,727,1110,3.60,6.07,1.79
F2,25/04/15,Orleans,Dijon,0,1,A,0,0,D,2.6,3,2.88,2.7,2.9,2.75,2.5,3,2.7,2.6,2.8,2.85,2.78,2.97,3,2.38,2.9,3,,,,2.75,3,2.9,48,2.78,2.6,3.04,2.91,3.1,2.88,37,2.57,2.47,1.58,1.51,29,0,1.91,1.84,2.08,1.97,2.9,2.96,2.93,33,50,32,32,674,1096,3.39,5.38,1.93
F2,27/04/15,Clermont,Sochaux,0,0,D,0,0,D,2.25,3.1,3.4,2.35,3.1,3,2.4,2.9,2.9,2.3,2.9,3.2,2.37,3.2,3.44,2.44,2.88,3,,,,2.3,3.1,3.6,50,2.55,2.29,3.2,3.03,3.6,3.27,39,2.52,2.34,1.63,1.56,19,-0.25,2.01,1.94,1.98,1.9,2.37,3.2,3.44,42,49,33,33,1026,1005,2.07,5.48,2.98
F2,28/04/15,Ajaccio,Orleans,2,3,A,2,0,H,2.25,3,3.5,2.2,2.95,3.5,2.1,2.9,3.4,2.2,2.88,3.4,2.29,2.92,3.98,2.2,3,3.3,,,,2.25,2.9,3.9,47,2.33,2.2,3.1,2.93,3.98,3.56,36,2.83,2.58,1.56,1.47,26,-0.25,1.94,1.87,2.02,1.95,2.19,2.95,4.35,34,33,33,33,699,627,2.20,4.08,3.34
F2,28/04/15,Ajaccio GFCO,Tours,1,1,D,1,0,H,1.67,3.75,5,1.7,3.4,5,1.65,3.3,4.9,1.7,3.3,5,1.67,3.81,5.97,1.7,3.3,4.8,,,,1.65,3.7,5.75,47,1.73,1.66,3.81,3.52,5.97,5.27,45,2.16,2.04,1.84,1.75,24,-0.75,1.94,1.85,2.05,1.97,1.66,3.84,6.11,59,36,33,33,1456,783,1.99,19.67,2.23
F2,28/04/15,Auxerre,Laval,1,1,D,1,1,D,1.73,3.3,5.5,1.67,3.3,5.5,1.7,3.3,4.5,1.67,3.2,5.5,1.77,3.35,6,1.67,3.4,5,,,,1.73,3.4,5.75,47,1.77,1.71,3.5,3.33,6.3,5.27,37,2.38,2.3,1.7,1.58,27,-0.5,1.78,1.71,2.21,2.12,1.9,3.38,4.9,48,45,33,33,1074,1078,2.24,3.92,3.35
F2,28/04/15,Creteil,Brest,2,1,H,1,1,D,3.2,3,2.4,3,3,2.4,3.1,3,2.2,3.2,3,2.3,3.38,2.97,2.51,3.1,3,2.3,,,,3.4,3,2.38,47,3.5,3.16,3.18,2.99,2.51,2.35,36,2.52,2.37,1.65,1.55,26,0.25,1.87,1.82,2.11,2.01,3.59,2.99,2.43,40,53,33,33,892,1277,2.39,3.71,3.20
F2,28/04/15,Dijon,Arles,1,0,H,0,0,D,1.4,4.33,8.5,1.4,4.25,7.5,1.45,3.6,7,1.4,4,8,1.45,4.4,9.02,1.44,4,7,,,,1.4,4.4,9,47,1.47,1.43,4.5,4.1,9.3,7.59,46,2,1.87,2.02,1.9,28,-1,1.81,1.73,2.2,2.11,1.41,4.69,9.79,53,24,33,33,1143,475,2.03,8.05,2.62
F2,28/04/15,Le Havre,Nimes,2,0,H,0,0,D,1.67,3.5,5.5,1.67,3.4,5.25,1.7,3.3,4.5,1.7,3.4,5,1.73,3.55,5.88,1.67,3.4,5,,,,1.7,3.5,5.75,46,1.75,1.68,3.65,3.46,5.88,5.15,44,2.11,2.03,1.86,1.75,27,-0.5,1.73,1.69,2.28,2.17,1.58,3.98,7.05,47,44,33,33,1073,922,2.05,6.21,2.84
F2,28/04/15,Niort,Chateauroux,3,0,H,0,0,D,1.5,3.75,7.5,1.53,3.8,6.25,1.55,3.6,5.5,1.57,3.5,6,1.54,3.96,7.9,1.53,3.6,6,,,,1.53,3.9,7,47,1.57,1.52,4,3.72,7.9,6.57,46,2.08,1.98,1.89,1.8,29,-1,2.02,1.94,1.95,1.88,1.55,4.11,7.3,43,25,33,33,1054,498,2.05,-2.38,1.07
F2,28/04/15,Troyes,Angers,2,1,H,0,1,A,1.91,3.25,4.33,1.95,3.1,4.1,2,2.9,3.7,1.91,3,4.3,1.99,3.08,4.91,1.91,3.1,4,,,,1.95,3.13,4.5,47,2.05,1.93,3.25,3.11,4.91,4.2,36,2.52,2.4,1.6,1.53,28,-0.5,2,1.95,1.94,1.87,1.91,3.15,5.42,66,56,33,33,1686,1316,2.20,4.08,3.34
F2,28/04/15,Valenciennes,Nancy,1,1,D,1,0,H,3.5,3.25,2.1,3.5,3,2.15,3.2,3.1,2.1,3.6,3,2.1,4.12,3.14,2.13,3.6,3.1,2.05,,,,4,3.1,2.1,47,4.12,3.64,3.25,3.08,2.2,2.1,36,2.4,2.31,1.64,1.57,26,0.5,1.81,1.74,2.2,2.09,4.63,3.15,2.03,36,50,33,33,698,1218,2.81,4.05,2.52
F2,01/05/15,Angers,Orleans,2,1,H,1,1,D,1.95,3.2,4.2,1.95,3,4.25,1.8,3,4.4,1.95,3,4.1,2.04,3.29,4.34,1.95,3.1,3.8,,,,2,3.13,4.33,46,2.04,1.94,3.35,3.14,4.55,4.14,34,2.5,2.36,1.62,1.55,26,-0.5,2.04,1.95,2.04,1.87,2.08,3.21,4.28,56,36,34,34,1250,676,2.01,10.35,2.46
F2,01/05/15,Arles,Creteil,2,0,H,2,0,H,2.88,3.1,2.55,2.7,3,2.65,2.8,2.8,2.6,2.75,2.9,2.6,3,3.16,2.66,2.45,3.2,2.7,,,,2.9,3.1,2.63,46,3.1,2.82,3.2,3.03,2.71,2.57,39,2.29,2.15,1.73,1.67,27,0,2.08,2.01,1.97,1.81,2.72,3.2,2.91,24,43,34,34,451,956,3.98,7.79,1.61
F2,01/05/15,Auxerre,Ajaccio GFCO,0,0,D,0,0,D,2.6,3.1,2.8,2.65,2.9,2.8,2.6,2.8,2.8,2.6,2.85,2.8,2.71,3.06,3.03,2.5,3,2.8,,,,2.7,3,2.9,47,2.74,2.6,3.1,2.96,3.03,2.83,35,2.5,2.36,1.62,1.55,27,0,1.89,1.83,2.06,1.98,2.81,3.04,2.94,49,60,34,34,1074,1456,3.49,5.70,1.86
F2,01/05/15,Chateauroux,Valenciennes,3,0,H,1,0,H,2.88,3,2.63,2.8,2.85,2.7,2.9,2.8,2.5,2.85,3,2.5,2.99,3.06,2.76,2.7,2.9,2.7,,,,3,3,2.63,46,3.06,2.83,3.1,2.95,2.75,2.61,34,2.5,2.37,1.6,1.55,26,0,2.08,2,1.92,1.83,3.17,3.16,2.54,25,37,34,34,473,698,5.17,25.20,1.30
F2,01/05/15,Laval,Le Havre,1,1,D,0,0,D,2.75,3,2.7,2.65,2.9,2.8,2.8,2.8,2.6,2.7,2.85,2.7,3.02,3.04,2.72,2.7,3,2.6,,,,2.9,3,2.7,46,3.03,2.79,3.1,2.96,2.8,2.64,35,2.5,2.31,1.65,1.57,26,0,2.06,1.97,2,1.84,3.06,3.03,2.71,46,50,34,34,1078,1119,2.66,3.85,2.75
F2,01/05/15,Nancy,Ajaccio,2,0,H,1,0,H,1.55,3.6,7,1.55,3.75,6,1.6,3.4,5.2,1.5,3.5,7,1.56,3.95,7.55,1.57,3.5,6,,,,1.5,3.9,8,47,1.6,1.53,4.05,3.71,8,6.64,44,2.25,2.14,1.75,1.68,28,-1,2.06,1.95,1.95,1.87,1.54,4.13,7.52,51,34,34,34,1218,650,1.99,29.08,2.16
F2,01/05/15,Sochaux,Niort,2,3,A,2,2,D,2,3.2,4,2,3.2,3.8,2,2.9,3.7,2,3.1,3.8,2.04,3.26,4.37,2,3.2,3.6,,,,2.05,3.2,4,47,2.06,1.99,3.35,3.16,4.37,3.89,44,2.23,2.13,1.75,1.68,27,-0.5,2.08,2.01,1.88,1.82,2.05,3.15,4.61,50,46,34,34,1005,1079,3.49,5.70,1.86
F2,01/05/15,Tours,Clermont,0,1,A,0,0,D,2.1,3.1,3.75,2.15,3,3.6,2,2.9,3.7,2.15,3,3.4,2.13,3.28,3.99,2.1,3.2,3.3,,,,2.1,3.2,3.8,45,2.2,2.09,3.3,3.12,3.99,3.59,42,2.23,2.13,1.8,1.69,24,-0.5,2.21,2.09,1.81,1.74,2.17,3.22,3.93,37,43,34,34,783,1026,2.28,3.81,3.33
F2,02/05/15,Nimes,Troyes,1,2,A,1,1,D,4.2,3.1,2,4,3,2,4.2,3,1.85,3.9,3.1,1.95,4.28,3.25,2.04,3.75,3.25,1.95,,,,4.1,3.25,2,47,4.35,3.9,3.4,3.19,2.05,1.98,44,2.16,2.07,1.8,1.73,27,0.5,1.9,1.85,2.04,1.99,4.37,3.3,2.02,44,69,34,34,876,1752,7.71,-14.21,1.06
F2,04/05/15,Brest,Dijon,0,0,D,0,0,D,2.1,3.1,3.8,2.2,3,3.4,2.3,2.8,3.1,2.15,3,3.4,2.2,3.1,3.94,2.25,3,3.2,,,,2.2,3,3.75,43,2.3,2.16,3.15,3.02,3.94,3.52,31,2.5,2.37,1.62,1.55,23,-0.25,1.89,1.85,2.05,1.98,2.15,3.11,4.2,53,56,34,34,1213,1167,2.36,3.72,3.24
F2,08/05/15,Ajaccio,Brest,2,1,H,2,0,H,2.9,3,2.55,2.95,2.9,2.55,2.55,3.1,2.55,2.88,2.88,2.55,3.02,3.03,2.74,3,2.9,2.4,,,,2.9,3,2.7,48,3.06,2.87,3.11,2.94,2.75,2.56,35,2.5,2.41,1.6,1.53,28,0,2.06,1.99,1.88,1.82,2.99,2.96,2.81,34,54,35,35,618,1213,3.49,5.70,1.86
F2,08/05/15,Clermont,Nancy,0,1,A,0,0,D,4.1,3.2,1.95,3.7,3.2,2,3.2,3.1,2.1,4,3.1,1.95,4.37,3.34,2.01,3.6,3.2,2,,,,4.4,3.2,1.95,48,4.55,3.99,3.34,3.15,2.1,1.97,40,2.38,2.23,1.7,1.62,28,0.5,1.92,1.86,2.01,1.96,4.44,3.26,2.03,46,54,35,35,1081,1250,2.39,3.71,3.20
F2,08/05/15,Dijon,Chateauroux,0,1,A,0,1,A,1.29,5.25,10,1.3,4.6,10.5,1.35,4,8,1.3,4.5,10,1.32,5.51,11.96,1.29,5,9,,,,,,,48,1.35,1.28,5.8,5.11,15,10.5,43,1.74,1.68,2.29,2.13,30,-1.5,1.92,1.83,2.15,1.98,1.28,5.91,12.94,57,28,35,35,1167,508,1.99,29.08,2.16
F2,08/05/15,Le Havre,Tours,0,1,A,0,0,D,1.95,3.4,3.8,1.95,3.25,3.8,1.9,3.2,3.7,1.95,3.25,3.7,1.99,3.66,4,1.95,3.4,3.5,,,,2,3.4,3.8,48,2.06,1.94,3.67,3.38,4.33,3.77,46,1.99,1.82,2.06,1.95,27,-0.5,2.04,1.96,1.92,1.86,2.07,3.56,3.83,51,37,35,35,1119,728,2.03,8.05,2.62
F2,08/05/15,Niort,Auxerre,1,1,D,0,0,D,1.95,3.2,4.2,,,,2.1,2.9,3.4,2.05,3.1,3.6,2,3.39,4.33,1.95,3.25,3.75,,,,1.95,3.3,4.3,47,2.1,1.96,3.4,3.21,4.7,3.91,44,2.2,2.07,1.82,1.73,26,-0.5,2.02,1.96,1.93,1.86,2,3.39,4.3,49,50,35,35,1149,1074,2.04,6.70,2.77
F2,08/05/15,Orleans,Nimes,1,1,D,0,0,D,1.62,3.4,6.5,1.62,3.3,6.25,1.55,3.6,5.4,1.57,3.4,6.5,1.6,3.8,7.2,1.57,3.5,6,,,,1.57,3.8,6.5,48,1.65,1.58,3.8,3.57,7.3,6.1,45,2.21,2.11,1.79,1.7,26,-0.75,1.8,1.76,2.14,2.08,1.56,3.88,8.08,36,44,35,35,642,815,2.31,3.77,3.31
F2,08/05/15,Troyes,Arles,4,0,H,3,0,H,1.33,5,9,1.35,4.4,9,1.4,3.7,7.5,1.36,4.2,8,1.39,4.95,9.45,1.36,4.33,8,,,,1.36,4.75,9.5,48,1.4,1.37,5,4.45,10.5,8.38,45,1.91,1.84,2.09,1.94,26,-1.25,2,1.92,1.96,1.9,1.47,4.72,7.55,72,27,35,35,1813,499,1.99,-5.38,1.46
F2,08/05/15,Valenciennes,Laval,2,2,D,0,1,A,1.95,3.1,4.33,1.95,3.2,4,1.7,3.3,4.5,2,3,3.9,2.11,3.21,4.16,1.85,3.2,4.2,,,,2.05,3.13,4.1,48,2.11,1.99,3.3,3.08,4.5,4,37,2.38,2.3,1.65,1.58,27,-0.5,2.11,2.03,1.86,1.79,2.05,3.19,4.47,37,47,35,35,663,1078,2.39,3.71,3.20
F2,09/05/15,Creteil,Ajaccio GFCO,1,1,D,1,1,D,3.5,3,2.25,3.2,3,2.3,3.6,3,2,3.5,2.8,2.25,3.63,3.03,2.36,3.1,3,2.3,,,,3.5,3,2.3,47,3.63,3.35,3.1,2.96,2.4,2.25,36,2.63,2.46,1.56,1.51,24,0.25,1.93,1.87,2.02,1.95,3.51,3.13,2.37,43,61,35,35,908,1456,3.60,6.07,1.79
F2,11/05/15,Angers,Sochaux,0,0,D,0,0,D,1.83,3.3,4.6,1.8,3.3,4.5,1.7,3.3,4.5,1.85,3,4.5,1.91,3.29,4.95,1.85,3.2,4.2,,,,1.83,3.3,5,44,1.91,1.83,3.4,3.22,5.3,4.43,35,2.31,2.23,1.7,1.61,24,-0.5,1.91,1.85,2.05,1.97,1.55,4.08,7.41,59,50,35,35,1284,935,1.99,29.08,2.16
F2,15/05/15,Ajaccio GFCO,Niort,3,2,H,2,0,H,1.57,3.6,6.5,1.6,3.3,6.5,1.6,3.4,5.2,1.57,3.4,6,1.61,3.91,6.75,1.57,3.75,5.5,,,,1.6,3.8,6.5,42,1.63,1.57,3.91,3.65,6.75,6.07,40,2.13,2.03,1.85,1.75,26,-1,2.14,2.04,1.83,1.78,1.64,3.98,6.08,62,50,36,36,1456,1149,2.26,3.86,3.35
F2,15/05/15,Arles,Orleans,4,1,H,2,1,H,4,3.2,2,3.8,3.25,1.95,,,,3.9,3,2,3.99,3.35,2.1,3.8,3.2,1.95,,,,4,3.2,2.1,43,4.33,3.82,3.38,3.16,2.11,2.02,40,2.27,2.17,1.75,1.65,26,0.5,1.83,1.78,2.11,2.03,3.63,3.26,2.26,27,37,36,36,474,642,2.36,3.72,3.24
F2,15/05/15,Auxerre,Creteil,2,2,D,2,0,H,2.25,3.25,3.25,2.1,3.1,3.5,1.9,3.1,3.8,2.2,3,3.3,2.33,3.3,3.41,2.2,3.1,3.2,,,,2.2,3.2,3.6,44,2.38,2.21,3.32,3.15,3.8,3.27,42,1.97,1.89,2,1.88,24,-0.25,2.01,1.93,1.94,1.88,2.29,3.35,3.44,51,44,36,36,1074,908,2.43,3.70,3.15
F2,15/05/15,Brest,Troyes,2,1,H,1,0,H,2.38,3.25,3,2.4,2.95,3.1,2.3,2.9,3,2.35,3,3,2.5,3.4,3.03,2.25,3.1,3.1,,,,2.5,3.1,3.2,44,2.5,2.37,3.4,3.13,3.25,2.98,36,2.38,2.25,1.7,1.6,24,-0.25,2.17,2.07,1.81,1.76,2.39,3.4,3.19,54,75,36,36,1152,1838,5.46,43.79,1.26
F2,15/05/15,Chateauroux,Le Havre,0,0,D,0,0,D,3.5,3.1,2.2,3.3,3.2,2.15,3.3,3,2.1,3.3,3,2.15,3.45,3.3,2.32,3.3,3.1,2.15,,,,3.4,3.2,2.3,44,3.6,3.3,3.32,3.14,2.32,2.2,41,2.13,2.06,1.83,1.73,24,0.25,1.97,1.9,1.99,1.91,3.25,3.34,2.4,31,51,36,36,590,1041,2.93,4.25,2.36
F2,15/05/15,Laval,Clermont,3,1,H,0,1,A,2.3,3.1,3.2,2.3,3.1,3.1,2.3,2.8,3.1,2.38,2.9,3.1,2.5,3.14,3.25,2.3,3,3.1,,,,2.45,3.1,3.25,43,2.5,2.34,3.14,3.01,3.34,3.12,37,2.3,2.24,1.71,1.61,23,-0.25,2.11,2.02,1.85,1.8,2.41,3.19,3.36,48,46,36,36,1078,1005,2.66,3.85,2.75
F2,15/05/15,Nancy,Angers,0,0,D,0,0,D,1.83,3.25,4.75,1.75,3.4,4.6,1.8,3.1,4.2,1.8,3.2,4.6,1.93,3.44,4.65,1.75,3.3,4.6,,,,1.87,3.4,4.8,44,1.93,1.84,3.45,3.29,4.8,4.38,40,2.3,2.17,1.73,1.65,25,-0.5,1.92,1.86,2.03,1.95,1.71,3.67,5.94,57,60,36,36,1326,1284,2.11,4.75,3.16
F2,15/05/15,Nimes,Ajaccio,1,1,D,0,1,A,3.8,3.2,2.05,,,,,,,3.6,3.1,2.05,3.8,3.48,2.1,3.6,3.2,2,,,,3.8,3.3,2.1,43,3.87,3.67,3.48,3.19,2.15,2.05,42,2.21,2.09,1.82,1.71,26,0.5,1.83,1.76,2.16,2.06,3.5,3.34,2.28,45,37,36,36,815,679,2.39,3.71,3.20
F2,15/05/15,Sochaux,Valenciennes,1,1,D,0,1,A,2.3,3.1,3.25,2.35,3,3.1,,,,2.35,3,3,2.45,3.33,3.15,2.3,3,3.1,,,,2.4,3.13,3.3,43,2.52,2.35,3.33,3.09,3.3,3.07,39,2.3,2.2,1.75,1.63,24,-0.25,2.09,2.03,1.86,1.79,2.28,3.33,3.51,51,38,36,36,935,663,2.39,3.71,3.20
F2,15/05/15,Tours,Dijon,0,0,D,0,0,D,2.7,3.2,2.63,2.65,3.1,2.6,2.75,3.1,2.4,2.6,3,2.65,2.87,3.23,2.71,2.6,3.1,2.6,,,,2.88,3.2,2.63,43,2.89,2.71,3.31,3.1,2.75,2.59,41,2.14,2.03,1.85,1.75,24,0,2.04,1.96,1.94,1.85,2.83,3.23,2.72,40,57,36,36,806,1085,2.43,3.70,3.15
F2,22/05/15,Ajaccio,Arles,2,1,H,1,0,H,1.45,4.1,7.5,1.5,3.8,6.5,1.45,3.6,7,1.44,3.9,7.5,1.45,4.55,8.2,1.44,4,6.5,,,,1.44,4.3,9,41,1.5,1.43,4.6,4.12,9,7.44,37,2.06,1.97,1.96,1.78,24,-1,1.79,1.74,2.23,2.09,1.45,4.64,7.92,38,30,37,37,679,506,2.53,3.73,2.96
F2,22/05/15,Angers,Nimes,3,0,H,1,0,H,1.3,5,10,1.33,4.6,9.25,1.3,4.4,8.5,1.3,4.33,11,1.33,5.13,11.77,1.33,4.5,8.5,,,,1.3,5,13,43,1.33,1.31,5.5,4.68,13,10.02,42,1.92,1.86,2.01,1.91,23,-1.25,1.84,1.78,2.13,2.05,1.34,5.04,12.07,61,46,37,37,1284,815,1.99,57.67,2.09
F2,22/05/15,Clermont,Brest,1,0,H,1,0,H,2.6,3.3,2.63,2.6,3.1,2.7,2.6,3,2.6,2.55,3,2.7,2.7,3.2,2.88,2.6,3,2.7,,,,2.75,3.13,2.8,43,2.75,2.59,3.3,3.09,2.9,2.73,42,2.25,2.15,1.8,1.67,24,0,1.94,1.86,2.05,1.94,2.63,3.16,3,46,57,37,37,955,1244,2.13,4.57,3.21
F2,22/05/15,Creteil,Tours,1,4,A,1,1,D,2.1,3.4,3.4,2.1,3.3,3.3,2.1,3,3.3,2.1,3.25,3.2,2.21,3.59,3.38,2.1,3.3,3.2,,,,2.15,3.5,3.4,41,2.25,2.11,3.59,3.37,3.6,3.29,37,1.72,1.67,2.25,2.14,20,-0.25,1.91,1.85,2.03,1.97,2.14,3.59,3.53,45,41,37,37,908,806,2.49,3.72,3.03
F2,22/05/15,Dijon,Nancy,3,1,H,2,1,H,2.7,3.2,2.6,2.7,3.1,2.6,2.6,3,2.6,2.7,3.1,2.55,2.79,3.31,2.7,2.62,3.1,2.6,,,,2.88,3.1,2.7,43,2.95,2.71,3.4,3.13,2.73,2.58,39,2.25,2.15,1.75,1.67,23,0,2.04,1.96,1.92,1.84,2.74,3.32,2.75,58,58,37,37,1085,1326,3.22,4.89,2.07
F2,22/05/15,Le Havre,Auxerre,2,1,H,1,0,H,1.95,3.3,4,2,3.25,3.7,2.1,3,3.3,2,3.2,3.6,2.07,3.61,3.72,2,3.4,3.4,,,,2.05,3.5,3.8,43,2.2,2.01,3.61,3.36,4,3.57,42,1.91,1.82,2.06,1.95,23,-0.25,1.81,1.75,2.17,2.08,2.07,3.63,3.68,52,52,37,37,1041,1074,2.10,4.95,3.11
F2,22/05/15,Niort,Laval,0,3,A,0,3,A,1.73,3.5,5,1.75,3.4,4.75,1.8,3.2,4,1.8,3.3,4.33,1.76,3.88,4.85,1.67,3.75,4.5,,,,1.7,3.9,5.2,43,1.95,1.73,3.94,3.64,5.25,4.52,41,1.8,1.74,2.17,2.05,23,-0.5,1.81,1.73,2.23,2.12,1.72,4.02,4.97,50,51,37,37,1092,1128,2.13,4.57,3.21
F2,22/05/15,Orleans,Sochaux,1,0,H,1,0,H,1.57,3.6,6.5,1.6,3.6,5.5,1.55,3.4,5.8,1.6,3.4,5.75,1.63,3.97,6.14,1.6,3.5,5.5,,,,1.65,3.9,5.5,43,1.75,1.6,4.2,3.71,6.5,5.59,39,2.06,1.99,1.9,1.78,22,-0.75,1.86,1.79,2.14,2.03,1.61,4.19,5.86,37,52,37,37,610,935,2.46,3.70,3.09
F2,22/05/15,Troyes,Chateauroux,4,1,H,1,1,D,1.25,5.5,12,1.3,5.25,8.25,1.35,4,8,1.29,4.6,10,1.31,5.83,10.64,1.29,5,9,,,,1.25,5.75,13,43,1.35,1.27,5.87,5.26,13,10.12,34,1.61,1.53,2.56,2.4,23,-1.5,1.88,1.8,2.08,2.02,1.28,6.21,11.58,75,32,37,37,1746,590,1.98,-10.27,1.69
F2,22/05/15,Valenciennes,Ajaccio GFCO,2,1,H,0,1,A,2.05,3.3,3.6,2,3.1,3.9,1.9,3,4,2.05,3.1,3.5,2.11,3.38,3.83,2,3.2,3.6,,,,2.1,3.3,3.8,43,2.13,2.03,3.8,3.24,4.2,3.66,42,2.12,2.03,1.9,1.75,23,-0.25,1.83,1.77,2.16,2.06,2.06,3.29,4.11,39,65,37,37,663,1513,4.69,13.96,1.40
